id,qualified_professionals,high_school,middle_school_or_lower
1000,"64,767,787","58,820,411","27,818,380"
1001,"783,076","1,009,593","496,036"
1003,"8,968","12,519","4,528"
1005,"41,350","40,154","13,956"
1007,"2,366","6,422","4,824"
1009,"1,890","6,586","3,040"
1011,"5,151","13,003","7,882"
1013,752,"2,504","2,452"
1015,"2,243","5,559","2,642"
1017,"13,886","25,228","13,894"
1019,"2,978","9,401","4,708"
1021,"2,610","6,722","3,499"
1023,"4,417","12,267","5,918"
1025,"1,130","3,520","1,998"
1027,"2,066","7,680","3,227"
1029,"1,045","3,266","2,398"
1031,"1,195","3,936","2,676"
1033,"8,192","10,157","5,145"
1035,"7,069","13,337","6,344"
1037,763,"4,070","1,812"
1039,786,"2,873","2,140"
1041,"3,953","9,115","5,051"
1043,"1,399","3,680","2,071"
1045,"8,431","19,784","10,050"
1047,"5,361","11,033","4,726"
1049,"3,727","9,857","5,673"
1051,"5,392","16,259","12,981"
1053,"12,220","19,476","7,238"
1055,"2,995","11,189","5,035"
1057,"11,824","23,334","12,582"
1059,"1,670","4,609","2,452"
1061,"2,593","7,678","5,092"
1063,"2,193","6,762","4,196"
1065,595,"2,444","1,375"
1067,"1,435","4,377","1,903"
1069,"1,973","4,417","2,359"
1071,"14,875","22,738","10,684"
1073,"4,669","15,270","7,615"
1075,"140,254","118,111","49,094"
1077,"1,306","3,536","2,258"
1079,"13,690","21,850","9,559"
1081,"2,415","9,340","5,261"
1083,"31,005","22,109","10,170"
1085,"14,430","19,841","10,449"
1087,880,"2,699","1,805"
1089,"2,488","3,874","2,425"
1091,"96,340","49,507","21,757"
1093,"2,023","5,505","2,208"
1095,"2,685","7,533","4,331"
1097,"10,498","20,210","13,557"
1099,"61,885","89,494","39,097"
1101,"1,846","6,713","2,676"
1103,"47,212","38,102","21,741"
1105,"17,579","24,668","14,363"
1107,861,"2,348","1,403"
1109,"1,566","5,623","2,662"
1111,"4,706","6,411","3,932"
1113,"2,399","5,678","3,547"
1115,"6,562","12,020","6,726"
1117,"9,671","21,695","9,919"
1119,"57,585","29,259","11,714"
1121,"1,500","3,443","1,657"
1123,"7,330","19,975","11,304"
1125,"5,006","10,201","5,886"
1127,"36,170","37,364","14,604"
1129,"4,811","16,706","9,786"
1131,"1,109","5,278","2,335"
1133,841,"3,342","1,499"
2000,"2,261","5,932","4,145"
2013,"135,525","130,511","36,032"
2016,304,"1,070",398
2020,652,"1,674",520
2050,"65,657","45,857","12,854"
2060,"1,085","4,315","1,815"
2068,124,226,48
2070,579,351,57
2090,496,"1,041",373
2100,"20,431","13,587","3,433"
2232,747,474,84
2110,383,535,149
2122,"8,789","4,724",975
2201,"9,363","12,727","2,874"
2150,"2,241","2,993",751
2270,"2,236","2,454",840
2164,181,"1,970",814
2170,104,355,114
2180,"12,920","19,980","4,768"
2185,752,"2,329",815
2188,896,"2,391",735
2195,435,"1,817",844
2130,529,713,161
2220,683,"1,692",410
2230,"2,037","1,617",463
2240,272,201,28
2261,863,"1,502",416
2280,"1,885","1,712",452
2282,358,606,210
2290,89,184,25
4000,434,"1,414",606
4001,"1,241,425","1,078,358","611,243"
4003,"4,828","14,622","9,499"
4005,"20,423","20,470","11,823"
4007,"27,477","17,352","8,904"
4009,"6,839","11,057","6,065"
4011,"3,064","7,573","3,353"
4012,704,"2,124",701
4013,"1,604","5,601","3,818"
4015,"827,615","613,123","348,801"
4017,"18,045","54,670","24,527"
4019,"9,864","20,654","12,588"
4021,"204,172","149,775","81,218"
4023,"49,839","78,792","40,697"
4025,"6,474","7,530","7,255"
4027,"42,311","42,735","16,285"
5000,"18,166","32,280","35,709"
5001,"424,446","683,886","292,228"
5003,"1,839","5,173","2,228"
5005,"1,948","5,697","2,309"
5007,"5,576","10,799","4,018"
5009,"48,781","48,410","20,270"
5011,"3,912","9,033","3,926"
5013,"1,079","3,143","1,526"
5015,445,"1,838",621
5017,"3,446","6,804","3,153"
5019,"1,015","3,248","1,540"
5021,"3,248","4,056","1,770"
5023,"1,227","4,586","2,258"
5025,"2,895","7,188","3,140"
5027,907,"2,529",799
5029,"3,296","5,901","2,231"
5031,"2,456","6,140","2,182"
5033,"16,618","22,404","7,886"
5035,"5,612","16,556","6,097"
5037,"5,401","11,049","5,661"
5039,"1,712","5,107","2,246"
5041,685,"2,640",894
5043,"1,056","3,179","1,912"
5045,"2,297","4,273","2,124"
5047,"21,251","22,373","6,516"
5049,"1,567","4,916","2,270"
5051,983,"3,624","1,433"
5053,"14,352","21,804","8,101"
5055,"2,455","5,149","1,235"
5057,"4,770","12,468","4,278"
5059,"1,864","5,612","3,153"
5061,"3,166","9,773","3,317"
5063,"1,427","3,063","1,867"
5065,"4,406","9,387","3,879"
5067,"1,241","4,083","1,610"
5069,"1,086","5,284","2,938"
5071,"8,164","18,473","7,556"
5073,"2,718","7,348","3,579"
5075,694,"2,169","1,003"
5077,"1,534","4,707","2,089"
5079,566,"2,675","2,132"
5081,786,"5,061","2,110"
5083,867,"3,620","1,249"
5085,"1,988","6,709","2,629"
5087,"9,065","15,738","5,536"
5089,"1,226","5,098","2,125"
5091,"1,915","4,930","1,752"
5093,"4,271","11,555","4,263"
5095,"3,551","10,348","5,506"
5097,475,"2,188","1,145"
5099,844,"2,390","1,364"
5101,906,"2,709","1,015"
5103,874,"2,397","1,154"
5105,"2,855","7,322","2,376"
5107,762,"3,086","1,274"
5109,"1,475","3,976","2,986"
5111,"1,142","2,736","1,427"
5113,"1,563","6,930","3,474"
5115,"1,729","5,206","2,218"
5117,"8,459","13,392","6,557"
5119,781,"2,602","1,057"
5121,"86,671","71,330","26,088"
5123,"1,679","4,707","2,052"
5125,"1,929","7,187","4,088"
5127,"19,571","26,685","8,565"
5129,756,"2,748","1,685"
5131,848,"2,470",906
5133,"15,763","26,766","14,700"
5135,998,"3,676","3,233"
5137,"1,240","5,304","2,061"
5139,"1,321","3,205","2,146"
5141,"5,275","9,865","4,458"
5143,"1,691","5,611","1,946"
5145,"41,124","36,262","20,867"
5147,"9,765","19,271","8,062"
5149,495,"2,202","1,186"
6000,"2,091","5,943","3,221"
6001,"8,176,487","5,260,904","4,572,963"
6003,"488,594","200,371","141,393"
6005,235,257,70
6007,"6,184","7,693","3,351"
6009,"37,753","32,775","16,950"
6011,"6,845","9,215","3,248"
6013,"1,932","2,926","4,278"
6015,"303,182","136,792","82,371"
6017,"2,891","5,963","3,461"
6019,"42,977","28,356","9,608"
6021,"114,275","131,710","151,875"
6023,"2,269","4,978","4,903"
6025,"25,658","22,486","8,794"
6027,"15,029","24,204","35,505"
6029,"3,241","4,131","1,526"
6031,"81,269","141,208","136,966"
6033,"11,743","24,250","24,929"
6035,"7,468","12,861","7,528"
6037,"2,861","7,050","4,245"
6039,"2,064,911","1,387,980","1,495,617"
6041,"12,496","24,649","26,930"
6043,"108,293","21,372","13,078"
6045,"3,065","3,839","1,426"
6047,"14,847","16,158","8,299"
6049,"21,041","38,871","48,345"
6051,"1,221","1,810",908
6053,"2,846","1,671","1,486"
6055,"63,970","55,086","78,716"
6057,"32,135","18,273","15,651"
6059,"25,570","14,568","4,956"
6061,"807,572","365,923","325,372"
6063,"94,689","49,288","14,879"
6065,"3,181","3,459","1,173"
6067,"311,245","380,286","286,746"
6069,"286,583","219,244","129,386"
6071,"6,949","9,032","7,957"
6073,"249,922","339,210","274,381"
6075,"788,922","406,630","293,959"
6077,"366,564","83,389","84,024"
6079,"80,297","117,820","97,333"
6081,"62,786","35,704","18,206"
6083,"251,961","85,392","60,898"
6085,"87,141","48,376","53,932"
6087,"630,862","189,751","166,105"
6089,"68,386","27,143","23,995"
6091,"25,161","31,880","12,539"
6093,471,632,261
6095,"7,029","8,070","3,627"
6097,"72,669","68,047","36,163"
6099,"115,942","68,113","44,790"
6101,"54,738","93,254","74,176"
6103,"10,968","14,950","12,742"
6105,"5,912","13,316","7,319"
6107,"2,044","3,305",951
6109,"36,813","66,719","83,735"
6111,"8,034","11,648","4,154"
6113,"178,811","104,194","92,033"
6115,"48,925","23,506","17,555"
8000,"7,109","11,120","8,159"
8001,"1,389,730","780,033","323,691"
8003,"67,888","86,439","54,142"
8005,"2,408","2,275","1,509"
8007,"168,306","85,125","31,745"
8009,"3,184","2,334",787
8011,572,774,360
8013,445,"2,131",739
8014,"120,069","26,067","11,212"
8015,"22,243","6,381","1,674"
8017,"4,945","3,765","1,195"
8019,308,450,124
8021,"3,196","1,459",220
8023,970,"1,675",847
8025,523,688,601
8027,383,"1,510",641
8029,985,731,278
8031,"4,265","8,028","2,608"
8033,"214,085","82,555","63,865"
8035,271,517,122
8037,"116,939","24,983","4,235"
8039,"16,480","6,552","4,092"
8041,"5,560","4,422",607
8043,"154,662","86,947","25,597"
8045,"5,957","14,241","4,095"
8047,"11,026","10,861","4,945"
8049,"1,510","1,068",88
8051,"3,991","2,764",459
8053,"5,304","1,829",469
8055,287,160,36
8057,"1,338","1,412",446
8059,189,369,121
8061,"166,867","82,567","23,112"
8063,191,332,67
8065,804,"2,212",957
8067,"1,576","1,712",366
8069,"16,279","7,309","1,967"
8071,"95,248","40,732","9,110"
8073,"1,963","3,063","1,475"
8075,558,"2,029",603
8077,"2,453","5,023","1,564"
8079,"26,095","29,254","10,161"
8081,303,150,24
8083,"1,637","3,466",774
8085,"4,919","5,374","1,789"
8087,"6,885","9,292","3,245"
8089,"2,928","5,773","3,458"
8091,"2,113","3,511","1,754"
8093,"2,050",683,83
8095,"3,904","3,334",474
8097,619,982,331
8099,"8,149","1,856",619
8101,"1,204","2,157","1,357"
8103,"23,105","31,853","12,787"
8105,931,"1,431",348
8107,"1,762","2,140","1,298"
8109,"8,589","3,754",601
8111,"1,128","1,164",849
8113,130,149,21
8115,"3,175",855,394
8117,337,575,150
8119,"10,939","3,725","1,171"
8121,"5,724","4,458",991
8123,541,"1,154",294
8125,"46,908","47,244","22,777"
9000,"1,427","2,208",861
9001,"938,319","673,220","242,932"
9003,"295,047","142,289","64,298"
9005,"228,322","168,347","66,493"
9007,"46,043","39,929","11,230"
9009,"48,508","32,230","7,293"
9011,"202,957","179,585","62,170"
9013,"61,174","58,209","15,915"
9015,"37,045","25,808","5,924"
10000,"19,223","26,823","9,609"
10001,"195,321","199,461","71,746"
10003,"25,985","37,729","14,727"
10005,"132,263","107,889","35,611"
11000,"37,073","53,843","21,408"
11001,"256,316","83,367","46,510"
12000,"256,316","83,367","46,510"
12001,"3,929,796","4,111,029","1,807,386"
12003,"63,784","33,688","11,474"
12005,"2,282","7,424","3,195"
12007,"27,974","37,958","14,053"
12009,"2,284","6,741","4,501"
12011,"114,274","118,933","36,364"
12013,"404,554","356,051","152,462"
12015,"1,087","4,135","2,400"
12017,"29,781","47,176","14,583"
12019,"19,844","41,717","14,777"
12021,"32,247","41,355","12,382"
12023,"88,358","68,261","37,349"
12027,"7,465","16,946","6,455"
12029,"2,455","9,948","7,208"
12031,769,"5,196","2,673"
12033,"170,527","170,279","67,336"
12035,"50,995","57,693","20,604"
12037,"18,041","25,845","6,904"
12039,"1,498","3,204","1,826"
12041,"5,559","11,336","6,730"
12043,"1,407","4,481","1,971"
12045,884,"4,377","2,548"
12047,"2,023","4,327","2,115"
12049,"1,004","3,793","2,460"
12051,"1,653","6,930","5,344"
12053,"2,183","7,563","8,871"
12055,"21,541","48,116","17,026"
12057,"12,335","27,658","12,519"
12059,"279,420","241,710","108,416"
12061,"1,716","5,236","3,024"
12063,"29,889","33,170","13,677"
12065,"4,852","12,576","7,661"
12067,"2,053","3,521","2,177"
12069,833,"2,285","1,544"
12071,"50,336","77,820","28,388"
12073,"134,901","155,250","65,595"
12075,"75,043","30,814","12,280"
12077,"3,207","11,865","5,199"
12079,702,"2,619","1,176"
12081,"1,630","5,093","2,284"
12083,"72,409","80,344","29,930"
12085,"46,351","93,747","34,257"
12086,"37,133","30,722","11,757"
12087,"510,061","530,213","362,252"
12089,"18,612","17,247","5,385"
12091,"13,679","19,450","5,061"
12093,"39,178","33,974","11,594"
12095,"2,893","10,235","7,593"
12097,"263,443","212,399","101,664"
12099,"37,972","68,390","29,059"
12101,"346,463","254,487","122,162"
12103,"79,415","117,392","41,460"
12105,"210,203","206,971","68,402"
12107,"85,088","157,011","69,994"
12109,"6,459","19,472","10,998"
12111,"65,286","32,656","8,207"
12113,"41,571","69,574","29,740"
12115,"30,324","30,844","11,087"
12117,"103,989","93,887","23,403"
12119,"110,129","71,859","20,332"
12121,"30,177","30,718","9,585"
12123,"3,710","12,340","6,430"
12125,"1,604","6,700","3,475"
12127,839,"4,375","2,830"
12129,"83,990","125,383","40,121"
12131,"3,713","8,337","2,748"
12133,"11,780","11,849","6,754"
13000,"1,935","7,363","3,555"
13001,"1,938,090","1,850,601","932,810"
13003,"1,469","5,025","2,912"
13005,348,"2,087","1,673"
13007,965,"2,998","1,454"
13009,263,993,508
13011,"5,135","10,321","5,114"
13013,"1,376","5,379","3,075"
13015,"7,980","16,018","8,539"
13017,"12,466","23,169","12,391"
13019,"1,203","4,916","2,147"
13021,"1,570","4,966","2,520"
13023,"24,447","32,048","15,620"
13025,"1,407","3,360","1,177"
13027,"1,158","5,552","2,413"
13029,"1,342","4,150","2,268"
13031,"7,168","5,542","2,058"
13033,"11,212","10,942","5,310"
13035,"1,530","5,617","3,336"
13037,"1,664","7,260","3,719"
13039,489,"1,909","1,141"
13043,"7,226","10,371","2,866"
13045,"1,030","2,599","1,791"
13047,"12,891","24,925","13,389"
13049,"8,778","14,206","6,428"
13051,820,"4,226","1,746"
13053,"61,254","46,466","19,940"
13055,"1,533","1,358",501
13057,"1,530","6,767","4,750"
13059,"53,973","36,571","15,569"
13061,"27,008","14,186","9,137"
13063,155,958,368
13065,"31,476","52,575","27,193"
13067,636,"1,709","1,042"
13069,"216,590","91,599","42,421"
13071,"3,612","10,918","5,867"
13073,"3,793","10,872","8,058"
13075,"32,117","22,395","7,456"
13077,"1,538","4,337","2,625"
13079,"25,108","27,871","10,186"
13081,"1,173","3,359","1,740"
13083,"2,289","5,743","3,089"
13085,"1,540","4,031","2,223"
13087,"4,853","4,722","2,199"
13089,"3,037","6,101","3,685"
13091,"202,714","101,302","55,523"
13093,"1,964","6,149","2,684"
13095,"1,121","3,988","2,537"
13097,"11,495","16,488","10,375"
13099,"23,125","27,770","10,386"
13101,984,"2,840","1,414"
13103,201,902,844
13105,"6,563","13,249","4,954"
13107,"1,574","6,094","2,899"
13109,"1,738","5,964","3,290"
13111,"1,077","2,831","1,637"
13113,"3,225","7,060","3,090"
13115,"33,692","15,248","3,993"
13117,"12,580","19,718","12,876"
13119,"63,303","23,123","10,169"
13121,"1,915","6,066","3,549"
13123,"330,446","119,906","57,571"
13125,"3,712","7,467","4,089"
13127,170,896,443
13129,"15,974","15,657","7,027"
13131,"4,802","13,135","9,143"
13133,"2,140","6,235","3,838"
13135,"3,032","4,107","2,163"
13137,"192,547","128,606","68,721"
13139,"5,137","10,046","6,369"
13141,"27,493","33,886","27,771"
13143,711,"2,633","1,769"
13145,"2,655","7,078","4,187"
13147,"6,098","6,178","2,348"
13149,"2,449","6,767","3,424"
13151,824,"3,417","1,658"
13153,"37,401","40,742","14,363"
13155,"23,153","28,238","9,797"
13157,712,"2,776",976
13159,"7,877","13,755","7,551"
13161,954,"3,795","2,101"
13163,"1,024","3,672","2,060"
13165,"1,118","4,440","2,741"
13167,802,"2,447","1,365"
13169,560,"2,423","1,659"
13171,"3,936","7,409","2,426"
13173,"1,997","4,503","1,863"
13175,"1,059","1,976","1,497"
13177,"4,848","14,003","5,450"
13179,"4,578","5,462","2,175"
13181,"6,777","11,290","3,709"
13183,740,"2,391",933
13185,"1,568","3,562","1,310"
13187,"15,741","19,278","10,269"
13189,"5,203","5,594","3,038"
13191,"2,017","5,639","2,863"
13193,"1,417","3,615","1,812"
13195,817,"3,327","2,665"
13197,"3,003","7,709","3,346"
13199,669,"2,328","1,303"
13201,"1,492","5,718","3,373"
13205,465,"1,579",855
13207,"1,840","6,264","3,597"
13209,"4,208","6,719","2,994"
13211,933,"2,314","1,077"
13213,"2,550","4,301","2,039"
13215,"2,804","9,237","8,056"
13217,"32,072","34,423","17,174"
13219,"13,031","20,647","10,268"
13221,"10,672","4,796","1,523"
13223,"1,736","3,864","2,133"
13225,"23,364","31,771","9,865"
13227,"3,370","5,169","2,496"
13229,"5,374","6,450","3,639"
13231,"1,655","5,180","2,308"
13233,"1,831","4,972","1,452"
13235,"3,509","10,060","6,564"
13237,990,"3,599","1,638"
13239,"2,822","5,896","2,459"
13241,135,672,364
13243,"3,209","4,026","1,760"
13245,641,"1,510","1,406"
13247,"27,300","39,964","21,307"
13249,"14,749","18,297","7,315"
13251,492,"1,123",632
13253,"1,381","3,886","1,819"
13255,905,"2,382","1,089"
13257,"6,590","16,250","8,847"
13259,"3,013","6,376","3,235"
13261,438,"1,484","1,593"
13263,"3,856","6,052","4,299"
13265,590,"2,096","1,000"
13267,126,653,471
13269,"1,998","6,778","4,554"
13271,648,"2,049","1,366"
13273,"1,122","5,897","3,358"
13275,740,"1,810","1,636"
13277,"5,948","9,978","5,504"
13279,"4,491","8,835","4,814"
13281,"2,963","6,846","3,567"
13283,"2,032","2,578",861
13285,759,"1,820","1,047"
13287,"8,339","15,788","7,269"
13289,675,"2,005","1,350"
13291,685,"2,114","1,812"
13293,"3,826","6,004","1,929"
13295,"2,393","6,513","3,745"
13297,"7,106","17,343","9,613"
13299,"10,684","21,036","7,647"
13301,"3,053","9,740","4,355"
13303,471,"1,734","1,024"
13305,"1,740","5,758","3,022"
13307,"2,679","8,145","3,592"
13309,170,808,398
13311,281,"3,038","1,333"
13313,"4,104","6,208","3,031"
13315,"8,886","18,715","20,387"
13317,606,"3,115","1,436"
13319,949,"2,888","1,518"
13321,555,"3,217","1,113"
15000,"1,460","5,814","3,225"
15001,"305,201","270,583","84,943"
15003,"37,353","42,946","11,321"
15005,"224,744","176,304","60,284"
15007,25,31,8
15009,"13,779","15,437","4,008"
16000,"29,300","35,865","9,322"
16001,"274,984","289,085","105,170"
16003,"104,188","61,575","15,326"
16005,668,"1,111",303
16007,"14,389","13,858","4,208"
16009,766,"1,531",252
16011,868,"2,466",858
16013,"4,886","8,268","3,817"
16015,"6,298","2,930","1,500"
16017,"1,415","1,453",327
16019,"6,712","9,281","2,949"
16021,"18,334","17,692","5,855"
16023,"1,348","2,909",819
16025,272,641,176
16027,132,189,78
16029,"22,542","39,647","19,503"
16031,797,"1,582",347
16033,"2,544","3,887","2,485"
16035,83,173,166
16037,"1,131","2,473",816
16039,847,"1,004",238
16041,"2,615","4,383","2,170"
16043,"1,479","2,459",758
16045,"1,705","2,768","1,033"
16047,"1,811","4,722","1,503"
16049,"1,365","3,189","2,263"
16051,"2,008","4,404","1,373"
16053,"3,210","4,555","1,940"
16055,"1,942","4,064","3,399"
16057,"24,127","28,170","7,656"
16059,"9,793","4,289",852
16061,"1,257","1,992",506
16063,434,932,286
16065,379,"1,147",691
16067,"5,816","2,384",598
16069,"1,885","3,686","2,792"
16071,"6,149","8,742","2,335"
16073,436,"1,008",171
16075,711,"2,731","1,838"
16077,"2,347","5,027","1,908"
16079,702,"1,684",951
16081,"1,174","3,385","1,313"
16083,"2,716","1,309",600
16085,"9,321","15,037","6,752"
16087,"2,306","1,979",332
17000,"1,076","2,369","1,127"
17001,"2,834,869","2,287,126","1,008,608"
17003,"10,425","16,349","3,842"
17005,432,"1,644","1,201"
17007,"2,184","4,865","1,444"
17009,"7,451","12,270","4,813"
17011,712,"1,951",704
17013,"4,473","9,284","2,206"
17015,537,"1,597",293
17017,"1,772","4,494","1,007"
17019,"1,222","4,098","1,268"
17021,"52,073","26,262","6,337"
17023,"3,615","10,382","2,884"
17025,"1,841","4,356","1,142"
17027,"1,386","3,591","1,079"
17029,"5,647","8,441","2,824"
17031,"8,258","10,153","3,191"
17033,"1,293,518","839,916","503,252"
17035,"2,398","4,755","1,529"
17037,"1,119","2,924",847
17039,"18,738","15,889","4,472"
17041,"2,365","4,307",958
17043,"2,510","4,633","2,103"
17045,"297,773","117,893","47,598"
17047,"2,292","4,669","1,557"
17049,553,"1,680",508
17051,"5,218","8,492","2,058"
17053,"2,066","6,144","2,666"
17055,"1,669","3,617","1,073"
17057,"4,232","9,220","3,405"
17059,"4,251","8,951","3,211"
17061,439,"1,532",527
17063,"1,053","3,995","1,310"
17065,"7,210","12,047","2,337"
17067,912,"2,108",592
17069,"2,631","5,172","1,002"
17071,353,"1,089",525
17073,681,"2,322",570
17075,"7,319","11,586","3,819"
17077,"2,964","8,325","2,288"
17079,"12,597","8,685","2,717"
17081,"1,223","2,509",660
17083,"4,404","8,584","3,792"
17085,"2,837","5,660","1,361"
17087,"3,924","6,035","1,309"
17089,"1,558","2,890","1,554"
17091,"108,181","78,152","56,865"
17093,"13,818","24,804","9,226"
17095,"26,074","18,426","5,195"
17097,"6,516","13,228","4,328"
17099,"197,868","94,844","46,165"
17101,"13,212","28,493","9,001"
17103,"1,226","4,149","2,651"
17105,"4,402","9,029","2,914"
17107,"3,966","10,807","3,058"
17109,"3,851","7,249","2,643"
17111,"6,147","5,289","1,322"
17113,"67,772","54,761","15,060"
17115,"46,413","26,627","4,549"
17117,"16,891","25,735","7,691"
17119,"5,968","12,517","3,285"
17121,"47,164","58,296","13,674"
17123,"3,990","9,492","3,062"
17125,"1,397","3,499",707
17127,"1,428","4,260","1,270"
17129,"1,406","3,583","1,585"
17131,"2,109","3,078",710
17133,"1,985","4,695",918
17135,"7,014","7,601","1,085"
17137,"2,907","8,467","2,928"
17139,"4,954","10,062","2,204"
17141,"1,732","3,544","1,614"
17143,"7,120","12,125","4,215"
17145,"37,008","34,306","12,100"
17147,"2,041","5,839","2,302"
17149,"3,457","4,004",551
17151,"1,717","4,637","1,359"
17153,448,"1,053",416
17155,447,"1,407",700
17157,603,"1,659",352
17159,"3,116","9,835","3,723"
17161,"2,299","3,723","1,421"
17163,"22,160","31,322","11,433"
17165,"46,410","50,485","16,788"
17167,"2,747","5,402","2,394"
17169,"46,737","37,910","10,577"
17171,"1,017","1,979",604
17173,440,"1,826",280
17175,"2,373","7,338","1,208"
17177,699,"1,561",514
17179,"5,819","11,459","3,023"
17181,"23,528","30,929","6,771"
17183,"2,667","4,078","1,799"
17185,"7,538","21,948","6,897"
17187,"1,380","2,599",852
17189,"2,535","3,988","1,480"
17191,"2,141","3,343",953
17193,"1,617","4,057","1,480"
17195,"1,409","3,722","1,265"
17197,"6,863","14,369","4,487"
17199,"147,285","118,245","40,402"
17201,"10,436","14,438","4,619"
17203,"43,682","62,983","24,531"
18000,"7,904","8,504","1,567"
18001,"1,068,062","1,486,051","517,458"
18003,"3,269","8,715","3,300"
18005,"64,373","68,489","25,397"
18007,"16,071","18,896","5,266"
18009,995,"2,629",603
18011,954,"4,195","1,133"
18013,"18,133","10,340","2,785"
18015,"2,588","3,980","1,151"
18017,"2,412","5,645","1,667"
18019,"3,609","10,219","4,445"
18021,"15,846","26,748","9,497"
18023,"3,089","8,169","1,873"
18025,"3,191","9,704","2,980"
18027,726,"3,533","1,283"
18029,"2,813","7,295","5,078"
18031,"6,789","13,657","3,185"
18033,"3,216","7,703","1,934"
18035,"4,911","11,845","2,904"
18037,"16,542","25,314","7,443"
18039,"5,635","11,519","3,434"
18041,"23,234","46,692","24,788"
18043,"1,755","7,082","3,082"
18045,"13,959","16,492","5,514"
18047,"1,673","5,111","1,392"
18049,"2,971","6,531","1,955"
18051,"1,922","5,741","2,121"
18053,"3,571","9,059","2,251"
18055,"7,476","18,337","6,032"
18057,"3,267","9,170","3,278"
18059,"109,822","30,723","7,864"
18061,"14,100","16,133","2,845"
18063,"4,641","11,509","3,112"
18065,"35,607","29,288","6,674"
18067,"5,443","15,032","4,204"
18069,"11,187","20,876","6,586"
18071,"4,693","10,802","2,451"
18073,"4,780","13,573","3,828"
18075,"3,672","9,168","2,886"
18077,"1,517","6,651","2,211"
18079,"3,745","8,703","2,880"
18081,"1,806","8,849","2,901"
18083,"28,762","31,913","8,286"
18085,"3,774","9,066","2,839"
18087,"10,967","19,110","7,870"
18089,"2,458","7,024","7,841"
18091,"67,976","114,779","40,392"
18093,"13,552","29,977","9,606"
18095,"4,584","13,581","3,709"
18097,"15,602","35,173","11,240"
18099,"176,465","171,007","87,220"
18101,"5,725","12,537","4,797"
18103,811,"3,052","1,113"
18105,"2,954","10,554","3,689"
18107,"36,434","18,280","6,273"
18109,"4,282","11,123","2,933"
18111,"7,359","19,953","5,490"
18113,"1,037","4,572","1,394"
18115,"4,438","12,886","4,801"
18117,607,"2,051",500
18119,"1,590","6,016","2,225"
18121,"1,793","6,448","2,348"
18123,"1,417","5,092","1,747"
18125,"1,825","6,949","1,772"
18127,"1,111","4,044","1,207"
18129,"29,539","39,500","9,348"
18131,"3,636","6,865","1,005"
18133,953,"4,113","1,155"
18135,"3,738","10,335","2,883"
18137,"2,278","7,608","2,371"
18139,"3,390","8,399","2,566"
18141,"1,628","5,558","1,787"
18143,"48,979","53,598","21,305"
18145,"2,119","6,957","2,511"
18147,"5,085","13,144","3,747"
18149,"2,218","6,367","1,531"
18151,"1,840","6,568","2,715"
18153,"4,646","8,852","2,684"
18155,"1,890","6,374","2,034"
18157,585,"3,415","1,222"
18159,"35,522","26,774","9,325"
18161,"2,301","4,301","1,283"
18163,923,"2,221",589
18165,"30,503","41,381","12,518"
18167,"1,432","4,992","1,215"
18169,"16,030","22,820","8,517"
18171,"4,020","9,229","2,649"
18173,"1,157","2,554",534
18175,"11,717","13,771","3,004"
18177,"2,410","8,656","2,748"
18179,"7,917","18,105","7,055"
18181,"3,259","7,565","1,651"
18183,"2,627","7,237","1,741"
19000,"4,194","9,488","2,260"
19001,"559,431","656,680","169,966"
19003,874,"2,279",349
19005,459,"1,102",207
19007,"1,678","3,977","1,170"
19009,"1,622","3,192",906
19011,553,"1,783",439
19013,"3,792","6,231","1,259"
19015,"22,473","27,236","7,644"
19017,"4,125","6,323","1,023"
19019,"4,505","5,580",759
19021,"2,511","5,662","1,072"
19023,"2,402","3,923","2,796"
19025,"1,646","4,237",852
19027,"1,296","2,565",547
19029,"3,003","5,529",990
19031,"1,878","4,053",918
19033,"2,841","4,663",856
19035,"6,739","9,686","2,070"
19037,"1,612","2,925",791
19039,"1,210","3,688",812
19041,956,"2,749",578
19043,"2,397","3,971",778
19045,"1,928","5,629","1,138"
19047,"6,412","12,077","2,787"
19049,"1,285","4,155","2,369"
19051,"24,144","9,899","2,273"
19053,916,"2,112",737
19055,"1,001","1,851",650
19057,"1,794","5,182","1,109"
19059,"5,436","9,736","2,164"
19061,"3,671","3,705",552
19063,"18,713","22,234","4,903"
19065,"1,173","2,286",700
19067,"2,726","5,361","1,424"
19069,"2,183","3,920","1,221"
19071,"1,213","2,772",824
19073,"1,071","1,779",395
19075,"1,139","2,370",459
19077,"2,168","2,956",401
19079,"1,556","2,965",601
19081,"2,344","3,354",827
19083,"1,549","2,850",565
19085,"2,466","4,091","1,005"
19087,"1,749","3,829",905
19089,"2,568","5,098","1,095"
19091,848,"2,789",711
19093,"1,330","2,469",460
19095,939,"1,986",329
19097,"2,112","4,626",898
19099,"2,269","5,954","1,217"
19101,"4,618","10,514","1,949"
19103,"4,117","3,614",630
19105,"43,620","13,712","4,374"
19107,"2,442","5,768","1,158"
19109,"1,217","3,070",620
19111,"2,095","4,063",611
19113,"3,606","10,192","2,025"
19115,"46,773","39,519","7,792"
19117,"1,020","2,854","1,325"
19119,"1,006","2,745",499
19121,"1,616","2,832",712
19123,"2,381","3,962",598
19125,"3,599","5,605","1,339"
19127,"5,499","7,747","1,534"
19129,"5,273","8,820","4,127"
19131,"2,433","3,592",685
19133,"1,145","3,213",641
19135,"1,092","2,613",625
19137,833,"2,484",643
19139,"1,141","2,657",802
19141,"5,812","9,626","3,729"
19143,"1,953","3,553",772
19145,717,"1,710",535
19147,"2,428","3,763","1,283"
19149,"1,388","1,899",403
19151,"3,292","5,827","1,340"
19153,844,"1,959",342
19155,"107,439","75,508","25,013"
19157,"12,956","21,785","6,266"
19159,"2,752","4,724",791
19161,682,"1,315",325
19163,"1,376","2,744",592
19165,"36,761","33,840","8,081"
19167,"1,779","3,191",735
19169,"5,514","6,345","2,062"
19171,"24,437","8,975","1,775"
19173,"1,936","4,826","1,117"
19175,594,"1,822",395
19177,"1,400","3,320",690
19179,658,"2,182",604
19181,"4,251","8,836","3,307"
19183,"9,065","10,085","1,392"
19185,"3,130","5,612","1,374"
19187,572,"2,003",472
19189,"5,119","8,074","2,324"
19191,"1,589","2,422",661
19193,"3,743","4,568",754
19195,"14,107","22,126","9,300"
19197,812,"1,877",408
20000,"1,524","3,198",900
20001,"593,801","499,895","182,049"
20003,"1,609","2,861",841
20005,"1,027","1,984",490
20007,"2,045","4,260",760
20009,634,"1,238",258
20011,"3,036","5,857","2,404"
20013,"2,078","2,830",912
20015,"1,340","2,628",474
20017,"12,334","11,454","3,120"
20019,463,564,183
20021,462,970,303
20023,"2,628","4,868","1,820"
20025,464,600,103
20027,427,390,143
20029,"1,449","1,798",357
20031,"1,258","2,012",496
20033,"1,257","2,217",432
20035,269,457,88
20037,"4,536","7,110","2,559"
20039,"6,664","6,759","2,330"
20041,567,774,175
20043,"2,598","4,800","1,446"
20045,871,"2,023",480
20047,"32,734","12,752","3,262"
20049,380,606,351
20051,342,742,195
20053,"5,979","4,623","1,171"
20055,912,"1,536",429
20057,"3,995","4,975","6,001"
20059,"3,611","4,891","5,837"
20061,"3,378","6,115","1,378"
20063,"4,012","5,666","1,709"
20065,436,709,157
20067,494,689,121
20069,709,"1,409","1,386"
20071,723,977,912
20073,258,272,102
20075,803,"1,652",446
20077,255,577,295
20079,797,"1,499",428
20081,"6,360","6,386","2,142"
20083,438,472,720
20085,356,360,91
20087,"1,834","3,556",478
20089,"2,708","5,229","1,012"
20091,343,967,125
20093,"205,375","56,953","16,277"
20095,354,677,559
20097,"1,281","1,835",451
20099,449,456,136
20101,"2,539","4,595","1,769"
20103,249,356,81
20105,"15,953","15,677","4,529"
20107,419,713,120
20109,"1,069","2,518",738
20111,351,608,132
20113,"5,334","6,595","2,214"
20115,"5,619","5,732","1,779"
20117,"1,914","2,995",839
20119,"1,260","2,991",429
20121,616,856,406
20123,"5,419","7,059","1,165"
20125,"1,099","1,321",196
20127,"3,983","6,884","2,486"
20129,697,"1,513",506
20131,279,724,242
20133,"1,470","2,860",575
20135,"2,039","3,389",931
20137,444,756,188
20139,558,"1,330",544
20141,"2,197","4,340",988
20143,566,952,234
20145,887,"1,466",242
20147,"1,130","1,382",542
20149,849,"1,357",243
20151,"4,607","4,328",669
20153,"1,611","1,710",595
20155,454,587,119
20157,"8,324","12,954","5,411"
20159,744,"1,175",208
20161,"1,428","1,859",720
20163,"17,138","6,380","1,639"
20165,880,"1,206",316
20167,548,691,199
20169,"1,211","1,561",485
20171,"8,716","12,256","3,705"
20173,875,"1,072",455
20175,"97,789","86,581","35,862"
20177,"1,527","3,337","4,574"
20179,"35,051","36,987","10,654"
20181,425,589,159
20183,786,"1,262",354
20185,606,949,232
20187,646,860,359
20189,351,368,268
20191,585,"1,158",591
20193,"3,062","5,486","1,376"
20195,"1,432","1,484",238
20197,559,701,125
20199,"1,131","1,732",269
20201,264,335,108
20203,728,"1,424",347
20205,260,389,272
20207,950,"2,258",808
20209,320,893,238
21000,"16,521","33,319","22,231"
21001,"674,165","990,322","456,180"
21003,"2,103","4,639","3,064"
21005,"1,885","4,950","3,262"
21007,"2,835","5,930","1,700"
21009,880,"2,120",796
21011,"4,568","11,918","5,372"
21013,982,"3,250","1,974"
21015,"1,855","7,098","6,192"
21017,"25,325","22,004","6,208"
21019,"2,468","5,194","2,216"
21021,"6,648","12,224","3,755"
21023,"4,568","7,031","2,749"
21025,834,"2,494",959
21027,"1,147","3,235","2,685"
21029,"1,457","6,095","2,809"
21031,"7,532","21,796","7,046"
21033,935,"3,888","2,018"
21035,"1,361","4,155","1,063"
21037,"6,653","7,319","2,699"
21039,"18,902","19,028","6,141"
21041,550,"1,184",637
21043,902,"2,858","1,696"
21045,"2,416","7,467","3,777"
21047,"1,373","4,028","2,954"
21049,"7,013","14,027","5,880"
21051,"5,114","9,007","3,871"
21053,"1,578","5,088","5,412"
21055,767,"2,661","2,009"
21057,827,"2,516","1,276"
21059,680,"1,651","1,050"
21061,"14,100","24,017","7,734"
21063,"1,023","3,458","1,979"
21065,496,"2,383","1,362"
21067,941,"4,880","2,473"
21069,"83,258","41,359","20,305"
21071,"1,246","3,768","2,273"
21073,"3,123","9,615","6,430"
21075,"9,829","10,649","4,300"
21077,596,"1,557","1,007"
21079,560,"2,496","1,105"
21081,"1,862","4,590","2,412"
21083,"1,949","7,229","2,766"
21085,"4,257","9,430","4,638"
21087,"1,792","7,547","3,692"
21089,819,"3,440","1,820"
21091,"4,315","9,579","3,379"
21093,689,"2,650",684
21095,"16,467","21,869","7,240"
21097,"2,345","6,824","5,556"
21099,"1,978","5,444","2,273"
21101,"1,431","5,219","3,188"
21103,"5,573","11,365","4,388"
21105,"1,198","4,773","1,855"
21107,290,"1,355",820
21109,"4,851","13,186","4,681"
21111,"1,038","4,137","2,222"
21113,"165,619","140,880","55,708"
21115,"9,467","9,609","4,989"
21117,"1,900","5,877","3,615"
21119,"32,016","31,895","11,760"
21121,"1,409","3,811","3,087"
21123,"2,320","8,104","6,389"
21125,"1,064","4,133","1,579"
21127,"5,130","16,040","9,074"
21129,"1,248","4,661","2,434"
21131,378,"2,048","1,591"
21133,742,"2,651","2,781"
21135,"1,854","6,330","4,130"
21137,"1,100","3,896","2,397"
21139,"1,657","7,443","3,776"
21141,684,"3,150","1,191"
21143,"2,434","7,203","3,883"
21145,"1,153","2,640",809
21147,"10,552","14,029","5,620"
21149,946,"4,949","3,413"
21151,607,"2,711","1,069"
21153,"15,464","15,554","7,574"
21155,897,"3,258","2,709"
21157,"1,725","5,666","2,555"
21159,"3,610","9,068","3,196"
21161,546,"3,368","2,394"
21163,"1,865","4,577","2,028"
21165,"2,931","7,145","2,581"
21167,562,"1,824","1,053"
21169,"2,779","5,615","2,290"
21171,798,"2,665","1,672"
21173,"1,145","3,070","1,845"
21175,"3,067","6,980","3,381"
21177,"1,177","3,633","2,621"
21179,"2,627","9,256","4,439"
21181,"5,142","12,143","3,269"
21183,513,"2,101","1,007"
21185,"1,627","7,207","3,424"
21187,"16,846","9,717","3,055"
21189,826,"3,491","1,210"
21191,547,"1,184",934
21193,"1,025","4,622","1,522"
21195,"2,723","6,584","4,901"
21197,"5,649","16,655","10,952"
21199,"1,180","3,486","1,904"
21201,"6,577","17,539","8,531"
21203,269,549,398
21205,"1,150","5,378","2,756"
21207,"3,706","4,145","2,637"
21209,"1,580","4,361","3,268"
21211,"9,395","10,493","3,321"
21213,"7,241","9,732","4,310"
21215,"1,727","5,265","1,943"
21217,"2,273","4,268","1,278"
21219,"2,844","6,626","2,620"
21221,949,"3,335","1,869"
21223,"1,841","3,152","1,614"
21225,699,"2,776","1,010"
21227,"1,182","3,878","1,469"
21229,"21,329","21,989","9,030"
21231,"1,188","3,404","1,428"
21233,"1,350","5,684","4,243"
21235,819,"3,953","1,969"
21237,"4,087","8,280","5,184"
21239,593,"1,970","1,532"
22000,"5,631","4,942","2,107"
22001,"703,875","1,038,591","496,210"
22003,"4,456","16,173","9,829"
22005,"2,129","7,699","3,732"
22007,"19,901","26,065","8,790"
22009,"1,774","6,445","4,248"
22011,"2,830","11,602","7,487"
22013,"3,936","9,951","3,743"
22015,"1,244","3,993","1,638"
22017,"21,068","23,169","9,606"
22019,"39,945","55,083","23,352"
22021,"26,552","44,651","18,784"
22023,793,"2,915","1,629"
22025,771,"1,673",753
22027,903,"2,902","1,585"
22029,"1,521","4,658","2,625"
22031,"1,527","5,584","3,108"
22033,"2,460","7,343","3,422"
22035,"95,468","76,387","27,403"
22037,518,"1,681","1,359"
22039,"1,842","6,293","2,504"
22041,"2,579","7,911","6,221"
22043,"1,607","5,444","3,500"
22045,"1,467","6,745","2,990"
22047,"6,522","19,586","10,539"
22049,"3,057","9,076","5,151"
22051,"1,530","4,852","2,237"
22053,"75,179","94,309","46,390"
22055,"3,005","8,527","4,334"
22057,"47,562","43,485","21,001"
22059,"10,510","25,548","16,060"
22061,"1,120","4,341","2,458"
22063,"9,018","7,025","3,192"
22065,"15,384","35,560","14,226"
22067,932,"3,131","1,982"
22069,"2,447","7,929","3,535"
22071,"4,367","7,672","3,848"
22073,"95,930","60,826","38,004"
22075,"24,136","33,397","14,942"
22077,"2,408","5,794","2,978"
22079,"2,147","6,348","3,085"
22081,"17,231","32,590","13,236"
22083,781,"2,593","1,114"
22085,"1,881","5,636","2,808"
22087,"2,271","7,048","2,874"
22089,"3,721","11,117","5,115"
22091,"7,169","12,390","4,453"
22093,761,"3,289","1,510"
22095,"2,095","6,459","2,103"
22097,"4,842","10,460","4,885"
22099,"7,080","23,396","12,887"
22101,"4,870","14,508","7,380"
22103,"3,864","16,649","7,637"
22105,"52,164","44,389","18,737"
22107,"16,105","29,069","15,162"
22109,296,"1,504",760
22111,"10,520","29,275","16,315"
22113,"1,882","7,165","2,295"
22115,"4,782","16,028","9,323"
22117,"5,534","11,574","3,879"
22119,"3,733","13,092","7,368"
22121,"3,840","11,320","5,242"
22123,"3,278","6,369","2,695"
22125,960,"3,304","1,895"
22127,"2,382","3,360","2,195"
23000,"1,288","4,234","2,072"
23001,"280,570","317,373","77,305"
23003,"15,361","27,808","7,835"
23005,"9,202","19,414","6,394"
23007,"90,586","48,641","11,288"
23009,"5,542","7,948","1,625"
23011,"13,272","13,551","2,516"
23013,"21,818","30,300","7,446"
23015,"9,006","10,406","2,063"
23017,"8,434","8,573","1,765"
23019,"7,591","18,845","3,549"
23021,"26,345","37,781","9,351"
23023,"2,123","5,311","1,334"
23025,"8,663","7,972","1,430"
23027,"5,942","15,689","4,524"
23029,"8,315","9,703","2,300"
23031,"4,714","9,028","2,819"
24000,"43,656","46,403","11,066"
24001,"1,556,711","1,030,305","420,756"
24003,"9,124","21,302","5,543"
24005,"150,633","93,862","30,952"
24009,"211,692","154,724","51,469"
24011,"17,755","18,704","4,066"
24013,"3,371","9,207","3,680"
24015,"38,667","35,112","9,071"
24017,"15,591","26,015","8,220"
24019,"27,830","32,896","7,303"
24021,"4,800","8,907","3,458"
24023,"64,994","41,251","12,177"
24025,"4,089","9,007","2,438"
24027,"58,982","47,611","12,390"
24029,"126,566","29,129","9,681"
24031,"4,254","4,582","1,771"
24033,"409,049","98,816","62,205"
24035,"188,060","154,686","84,814"
24037,"11,919","10,168","2,876"
24039,"21,681","21,929","7,337"
24041,"2,370","7,075","3,535"
24043,"10,083","7,378","3,049"
24045,"20,846","39,363","13,622"
24047,"17,372","21,263","7,257"
24510,"11,560","12,471","4,003"
25000,"125,423","124,847","69,839"
25001,"1,916,806","1,167,098","462,385"
25003,"67,730","41,442","7,595"
25005,"30,322","28,559","8,702"
25007,"101,813","115,218","62,422"
25009,"5,063","3,129",913
25011,"200,665","135,763","56,512"
25013,"18,813","14,440","3,787"
25015,"81,807","94,721","45,611"
25017,"44,011","23,919","5,650"
25019,"578,847","224,463","80,378"
25021,"3,271","1,948",415
25023,"246,726","100,791","29,576"
25025,"122,157","101,107","26,276"
25027,"223,022","121,770","79,375"
26000,"192,559","159,828","55,173"
26001,"1,831,798","1,978,662","676,467"
26003,"1,236","3,439",976
26005,"1,311","3,207",769
26007,"16,370","28,954","7,542"
26009,"3,548","7,096","2,032"
26011,"4,614","5,731","1,610"
26013,"1,301","4,911","1,560"
26015,"1,005","2,717","1,074"
26017,"7,783","15,380","3,419"
26019,"13,568","26,835","7,918"
26021,"3,334","4,355","1,112"
26023,"28,600","31,590","11,679"
26025,"4,075","12,111","3,569"
26027,"18,882","32,529","8,579"
26029,"6,349","12,681","4,456"
26031,"5,424","6,066","1,391"
26033,"3,510","7,364","2,146"
26035,"5,205","9,980","2,766"
26037,"2,527","8,718","3,538"
26039,"15,988","14,559","3,286"
26041,"1,722","3,704","1,241"
26043,"5,450","8,956","1,963"
26045,"4,401","7,340","1,200"
26047,"18,948","22,066","4,793"
26049,"7,799","6,127","1,432"
26051,"55,427","90,029","28,827"
26053,"2,508","7,602","2,784"
26055,"2,088","4,627",864
26057,"20,498","16,946","3,588"
26059,"4,028","11,675","2,950"
26061,"5,206","12,134","4,040"
26063,"6,635","7,375","1,711"
26065,"3,508","10,156","2,659"
26067,"64,193","36,778","13,040"
26069,"6,751","16,901","4,623"
26071,"3,171","7,725","2,265"
26073,"1,617","3,982",742
26075,"10,547","11,681","3,179"
26077,"22,542","36,794","11,205"
26079,"57,807","36,744","10,229"
26081,"1,683","4,978","1,658"
26083,"137,525","102,000","42,728"
26085,425,587,96
26087,791,"3,720","1,564"
26089,"10,929","22,661","6,009"
26091,"6,840","3,697",858
26093,"13,462","24,933","6,398"
26095,"43,504","32,962","6,253"
26097,680,"2,167",552
26099,"1,604","2,964",915
26101,"142,287","182,012","64,771"
26103,"3,611","6,693","1,751"
26105,"13,413","14,171","2,447"
26107,"4,272","7,011","1,743"
26109,"5,616","9,312","2,831"
26111,"2,745","7,470","1,465"
26113,"18,904","17,024","3,397"
26115,"1,396","4,318","1,280"
26117,"19,488","37,442","9,914"
26119,"5,438","16,803","5,383"
26121,876,"3,138",958
26123,"20,897","40,317","12,516"
26125,"4,741","13,453","4,693"
26127,"387,521","167,959","56,302"
26129,"3,038","6,346","2,554"
26131,"1,779","6,191","2,324"
26133,877,"2,100",420
26135,"2,085","7,178","2,006"
26137,637,"2,430","1,052"
26139,"3,474","6,384","1,437"
26141,"53,629","49,512","14,008"
26143,"1,679","4,074","1,160"
26145,"2,632","7,551","2,200"
26147,"27,335","44,812","15,205"
26149,"19,646","39,035","11,711"
26151,"6,229","15,828","5,691"
26153,"3,839","12,663","3,543"
26155,961,"2,797",660
26157,"7,492","17,420","4,027"
26159,"5,280","16,110","4,128"
26161,"10,348","17,024","6,879"
26163,"117,944","34,455","11,777"
26165,"260,985","352,734","173,869"
27000,"3,785","8,661","2,577"
27001,"1,253,937","940,315","270,121"
27003,"1,949","4,752","1,054"
27005,"64,900","64,635","15,002"
27007,"5,418","7,482","1,730"
27009,"7,383","7,504","2,693"
27011,"5,894","8,566","2,055"
27013,615,"1,583",386
27015,"12,014","10,803","2,194"
27017,"3,629","6,566","1,540"
27019,"5,424","9,068","1,426"
27021,"28,756","12,789","2,665"
27023,"4,319","7,069","1,791"
27025,"1,392","3,049",840
27027,"8,176","12,643","2,318"
27029,"12,208","9,791","2,066"
27031,875,"2,271",809
27033,"1,620",995,179
27035,"1,580","2,749",803
27037,"10,809","13,599","2,913"
27039,"112,130","57,857","14,715"
27041,"3,144","4,517",757
27043,"6,577","7,828","1,355"
27045,"1,721","4,112",997
27047,"2,942","4,944","1,330"
27049,"3,665","7,899","2,418"
27051,"7,906","10,758","2,188"
27053,832,"1,424",306
27055,"395,715","145,576","59,660"
27057,"3,022","4,533",857
27059,"3,799","4,779","1,192"
27061,"4,621","9,608","2,308"
27063,"7,235","10,071","2,179"
27065,"1,512","2,362",557
27067,"1,548","4,584","1,291"
27069,"6,437","7,576","3,364"
27071,655,"1,147",259
27073,"1,750","3,529",853
27075,929,"1,968",360
27077,"2,216","2,725",376
27079,494,"1,222",300
27081,"4,032","6,788","1,743"
27083,778,"1,669",344
27085,"4,404","5,503","1,251"
27087,"4,276","9,020","2,196"
27089,424,"1,209",435
27091,"1,311","2,403",719
27093,"2,648","5,557","1,418"
27095,"2,984","5,883","1,271"
27097,"2,769","6,718","1,795"
27099,"3,663","8,594","2,414"
27101,"5,240","8,288","3,417"
27103,"1,088","2,290",609
27105,"6,935","5,818","1,384"
27107,"1,886","4,642","3,174"
27109,729,"1,904",453
27111,"42,492","20,751","5,789"
27113,"9,892","12,608","3,402"
27115,"1,685","3,492",822
27117,"2,902","8,693","2,305"
27119,"1,257","2,197",871
27121,"5,008","6,493","1,873"
27123,"1,786","2,679",517
27125,"143,489","76,483","33,973"
27127,419,"1,142",221
27129,"1,894","3,996","1,216"
27131,"1,555","3,786","1,217"
27133,"11,195","12,808","4,089"
27135,"1,335","2,466",645
27137,"1,958","3,772",919
27139,"37,750","39,680","8,834"
27141,"34,597","20,509","4,545"
27143,"15,620","15,898","3,237"
27145,"1,714","4,115","1,050"
27147,"24,508","28,170","7,480"
27149,"6,046","8,695","1,857"
27151,"1,610","1,530",481
27153,"1,156","2,368",761
27155,"2,547","6,088","2,025"
27157,451,896,230
27159,"3,196","5,588","1,025"
27161,"1,217","3,580",998
27163,"2,614","4,767","1,059"
27165,"70,379","35,885","6,711"
27167,"1,214","3,024","1,122"
27169,988,"1,362",355
27171,"9,085","9,052","2,326"
27173,"22,263","23,943","4,799"
28000,"1,137","2,580",658
28001,"409,891","593,422","332,266"
28003,"4,005","7,634","4,261"
28005,"4,169","8,794","4,688"
28007,"1,127","3,523","2,165"
28009,"1,866","3,757","2,913"
28011,656,"2,105","1,362"
28013,"4,586","5,371","5,377"
28015,"1,082","3,388","2,517"
28017,"1,174","2,611","1,394"
28019,"1,248","4,182","3,073"
28021,879,"2,058","1,055"
28023,"1,014","1,520","1,184"
28025,"1,564","3,979","2,203"
28027,"2,536","4,304","2,837"
28029,"2,616","4,002","3,413"
28031,"2,415","5,920","4,152"
28033,"1,847","4,881","2,631"
28035,"25,624","32,211","11,957"
28037,"11,969","13,298","6,451"
28039,889,"2,025",843
28041,"1,982","6,060","2,984"
28043,780,"3,652","2,468"
28045,"2,438","4,231","3,289"
28047,"6,698","9,071","5,022"
28049,"27,932","38,327","17,606"
28051,"43,301","38,652","21,237"
28053,"1,298","4,531","2,855"
28055,778,"1,537","1,937"
28057,95,363,353
28059,"2,057","4,684","3,788"
28061,"19,314","29,508","11,615"
28063,"1,539","4,243","1,892"
28065,880,"1,776","1,060"
28067,"1,191","3,101","1,653"
28069,"8,389","13,110","8,744"
28071,780,"2,109","1,523"
28073,"11,726","6,157","3,130"
28075,"14,165","9,312","3,047"
28077,"10,064","16,354","7,237"
28079,"1,147","3,029","1,747"
28081,"1,773","5,340","3,377"
28083,"12,925","14,982","9,310"
28085,"3,472","6,244","4,166"
28087,"3,400","8,614","3,238"
28089,"8,817","11,916","6,242"
28091,"30,558","10,926","6,472"
28093,"2,218","6,480","3,859"
28095,"3,194","9,482","5,270"
28097,"3,825","8,563","5,266"
28099,"1,286","2,354","1,758"
28101,"2,678","6,188","3,992"
28103,"2,183","4,122","2,274"
28105,"1,055","2,326","2,254"
28107,"10,457","5,119","3,295"
28109,"3,469","8,162","4,519"
28111,"5,257","11,239","6,067"
28113,747,"3,215","1,597"
28115,"3,997","8,402","5,267"
28117,"2,936","6,693","4,634"
28119,"2,004","5,320","3,960"
28121,650,"1,568","1,630"
28123,"29,674","27,440","10,061"
28125,"2,142","6,312","4,943"
28127,579,863,773
28129,"2,306","6,857","3,543"
28131,"1,286","4,627","2,010"
28133,"1,669","4,282","2,048"
28135,"2,525","5,295","4,902"
28137,903,"3,363","3,317"
28139,"2,947","5,176","3,674"
28141,"1,978","4,924","3,309"
28143,"1,484","5,460","2,931"
28145,"1,194","1,933","1,379"
28147,"2,876","5,881","4,382"
28149,957,"4,250","2,231"
28151,"7,497","10,190","4,235"
28153,"5,764","9,422","7,186"
28155,"1,566","5,099","3,312"
28157,"1,261","2,419","1,008"
28159,832,"2,500","1,952"
28161,"2,195","4,243","2,794"
28163,"1,148","3,118","1,825"
29000,"2,387","7,143","4,341"
29001,"1,125,665","1,267,813","454,882"
29003,"4,153","4,755","1,382"
29005,"2,879","4,610","1,128"
29007,881,"1,625",393
29009,"2,224","8,195","2,736"
29011,"3,163","10,420","4,433"
29013,"1,238","3,443","1,106"
29015,"1,560","5,031","1,662"
29017,"1,531","6,420","2,140"
29019,812,"3,956","1,823"
29021,"47,534","20,754","6,440"
29023,"12,253","21,794","7,675"
29025,"4,558","10,725","4,911"
29027,"1,111","2,735",624
29029,"6,139","11,217","4,300"
29031,"7,014","11,926","3,876"
29033,"14,946","15,939","4,927"
29035,"1,082","2,847",880
29037,516,"1,406",855
29039,"17,167","23,446","5,109"
29041,"1,436","3,935","1,505"
29043,848,"2,653",663
29045,"14,399","16,954","4,823"
29047,589,"2,075",647
29049,"49,705","45,202","11,437"
29051,"2,614","5,396","1,055"
29053,"16,503","16,338","4,518"
29055,"2,465","4,828","1,325"
29057,"2,111","6,736","3,665"
29059,815,"2,371",738
29061,"1,495","4,778","2,109"
29063,917,"2,295",867
29065,"1,287","4,509","1,332"
29067,"1,372","4,309","2,298"
29069,911,"4,214","1,924"
29071,"2,349","7,750","5,353"
29073,"13,761","23,484","8,960"
29075,"1,746","4,503","1,486"
29077,892,"1,997",492
29079,"55,427","52,696","16,357"
29081,"1,283","2,724",887
29083,825,"2,861",873
29085,"2,406","6,562","2,022"
29087,704,"3,053","1,308"
29089,672,"1,467",322
29091,"1,662","2,498",770
29093,"3,912","10,695","4,154"
29095,826,"2,958","1,392"
29097,"135,098","134,772","46,709"
29099,"16,777","27,207","9,864"
29101,"27,869","49,975","18,966"
29103,"8,628","9,806","2,669"
29105,421,"1,187",375
29107,"3,298","9,375","4,395"
29109,"4,135","9,642","2,501"
29111,"4,135","9,875","4,062"
29113,921,"3,109",803
29115,"5,374","14,987","4,512"
29117,"1,233","4,126","1,002"
29119,"2,112","4,415","1,492"
29121,"1,972","5,261","3,230"
29123,"1,681","4,719","1,334"
29125,"1,052","3,139","1,716"
29127,889,"2,669","1,108"
29129,"3,959","7,420","2,499"
29131,424,"1,199",281
29133,"2,690","7,380","2,601"
29135,"1,126","3,859","2,680"
29137,"1,935","4,620","1,741"
29139,858,"2,938",630
29141,"1,121","3,559","1,345"
29143,"1,691","5,891","3,197"
29145,"1,394","5,173","3,023"
29147,"7,222","13,442","5,626"
29149,"3,138","5,183",933
29151,968,"3,224","1,267"
29153,"1,766","4,165",894
29155,811,"3,288","1,146"
29157,"1,328","4,330","2,869"
29159,"2,087","5,976","1,620"
29161,"4,803","9,036","4,711"
29163,"7,737","9,210","3,625"
29165,"1,698","5,720","2,506"
29167,"26,146","14,234","3,016"
29169,"3,871","7,358","2,656"
29171,"6,841","8,884","2,905"
29173,633,"1,378",396
29175,923,"3,590",876
29177,"2,471","6,361","2,327"
29179,"2,180","7,269","1,880"
29181,433,"1,999","1,137"
29183,"1,091","3,868","2,101"
29185,"91,811","64,905","14,488"
29186,803,"3,061","1,323"
29187,"1,732","5,326","1,557"
29189,"6,338","16,605","8,209"
29195,"291,365","148,088","48,466"
29197,"2,851","5,903","2,331"
29199,364,"1,210",387
29201,437,"1,312",537
29203,"3,672","11,146","4,481"
29205,867,"2,382","1,055"
29207,593,"1,995",397
29209,"2,827","8,218","4,074"
29211,"4,013","9,250","3,164"
29213,515,"2,154",719
29215,"6,832","12,814","4,354"
29217,"2,396","7,708","3,180"
29219,"2,260","5,713","1,757"
29221,"4,154","8,188","3,250"
29223,"1,372","7,108","3,973"
29225,"1,141","3,564","2,380"
29227,"3,896","9,264","3,360"
29229,260,661,163
29510,"1,390","5,346","2,565"
30000,"72,143","49,989","33,804"
30001,"209,072","207,929","49,627"
30003,"1,938","2,016",398
30005,"1,186","2,560","1,033"
30007,787,"1,172",426
30009,"1,136","1,566",266
30011,"2,293","2,329",483
30013,163,342,76
30015,"14,371","17,381","4,623"
30017,963,"1,278",271
30019,"1,651","2,536",715
30021,312,435,68
30023,"1,232","2,335",488
30025,"1,088","2,622",721
30027,292,788,76
30029,"2,402","2,782",578
30031,"19,190","19,418","3,632"
30033,"29,730","12,073","1,991"
30035,111,342,48
30037,"1,459","3,103",814
30039,135,254,38
30041,611,876,257
30043,"2,420","2,949",979
30045,"2,790","2,331",428
30047,487,544,80
30049,"4,967","5,922","1,863"
30051,"17,272","11,287","2,354"
30053,302,403,342
30055,"2,771","5,070","1,738"
30057,204,547,86
30059,"1,640","2,105",339
30061,305,602,108
30063,395,"1,330",394
30065,"31,157","16,456","3,689"
30067,498,"1,461",334
30069,"4,167","3,894",546
30071,76,187,8
30073,509,"1,183",256
30075,951,"1,499",453
30077,321,390,64
30079,962,"1,951",610
30081,194,422,70
30083,"7,744","9,626","2,680"
30085,"1,395","2,915",594
30087,907,"2,486",970
30089,"1,148","1,872",677
30091,"1,408","3,742","1,024"
30093,530,818,231
30095,"6,078","7,879","2,163"
30097,"1,716","2,414",335
30099,644,960,156
30101,933,"1,425",298
30103,536,"1,276",580
30105,119,210,47
30107,"1,146","1,895",349
30109,272,472,343
30111,168,313,101
31000,"30,890","32,885","7,336"
31001,"366,783","330,629","113,944"
31003,"4,583","6,451","1,846"
31005,834,"1,502",406
31007,75,77,14
31009,97,181,23
31011,98,140,5
31013,654,"1,424",239
31015,"1,183","2,471",637
31017,287,593,76
31019,428,910,172
31021,"9,821","7,369","1,870"
31023,840,"1,788",474
31025,988,"2,195",505
31027,"4,333","5,717",919
31029,"1,035","2,220",425
31031,517,823,310
31033,802,"1,384",368
31035,"1,712","1,852",441
31037,808,"1,518",449
31039,899,"2,032","1,844"
31041,"1,216","2,326",749
31043,"1,612","2,450",577
31045,"1,644","4,539","3,259"
31047,"1,896","1,472",307
31049,"2,322","4,812","3,671"
31051,251,458,128
31053,743,"1,444",452
31055,"4,676","8,841","3,061"
31057,"132,208","76,356","37,170"
31059,259,430,130
31061,799,"1,567",339
31063,427,851,200
31065,327,587,80
31067,573,"1,120",402
31069,"3,103","5,439","1,644"
31071,327,454,84
31073,261,521,81
31075,291,482,96
31077,101,186,12
31079,283,663,116
31081,"7,422","12,085","6,573"
31083,"1,567","1,979",401
31085,413,905,215
31087,156,206,70
31089,306,776,171
31091,"1,526","2,556",561
31093,128,184,32
31095,905,"1,787",338
31097,784,"2,062",564
31099,599,"1,533",433
31101,"1,077","1,558",299
31103,"1,282","2,035",487
31105,103,209,37
31107,417,931,309
31109,"1,195","2,133",498
31111,"69,464","41,481","12,358"
31113,"5,274","7,303","1,967"
31115,114,158,52
31117,88,151,11
31119,79,88,21
31121,"4,475","6,814","2,659"
31123,868,"1,889",409
31125,634,"1,061",443
31127,442,954,236
31129,"1,327","1,509",259
31131,531,"1,394",213
31133,"2,248","4,101",960
31135,315,853,181
31137,477,640,224
31139,"1,467","2,060",433
31141,"1,043","1,709",255
31143,"4,553","6,646","2,336"
31145,786,"1,173",215
31147,"1,329","2,580",474
31149,"1,133","2,269",533
31151,183,456,79
31153,"1,279","2,986","1,439"
31155,"41,814","23,818","5,047"
31157,"3,700","4,470",981
31159,"5,231","7,209","3,180"
31161,"2,954","3,199",784
31163,934,"1,148",380
31165,356,955,168
31167,261,295,54
31169,772,"1,353",325
31171,733,"1,356",305
31173,111,136,31
31175,603,"1,264",509
31177,624,"1,246",222
31179,"4,180","4,148",586
31181,"1,909","1,177",266
31183,537,939,210
31185,102,251,31
32000,"2,660","2,806",539
32001,"445,561","544,288","280,240"
32003,"2,711","5,442","1,734"
32005,"317,635","401,877","210,261"
32007,"9,408","8,512","2,499"
32009,"5,907","9,016","5,419"
32011,132,334,85
32013,219,548,111
32015,"1,506","3,703","1,903"
32017,529,"1,360",641
32019,804,"1,169",402
32021,"5,303","11,783","5,502"
32023,397,"1,122",453
32027,"3,977","11,979","5,010"
32029,552,"1,758","1,091"
32031,744,912,194
32033,"86,675","71,267","38,898"
32510,978,"2,530","1,127"
33000,"8,084","10,976","4,910"
33001,"330,676","264,372","69,274"
33003,"13,490","13,318","3,696"
33005,"12,212","10,992","2,432"
33007,"16,510","17,485","3,846"
33009,"4,385","9,676","2,996"
33011,"24,045","17,486","4,849"
33013,"101,904","76,261","23,740"
33015,"36,270","28,983","7,200"
33017,"85,177","56,361","11,221"
33019,"28,260","22,522","6,288"
34000,"8,423","11,288","3,006"
34001,"2,290,041","1,726,006","678,613"
34003,"48,486","62,075","26,797"
34005,"310,715","156,597","52,189"
34007,"113,766","91,180","22,247"
34009,"106,367","108,016","40,771"
34011,"21,433","23,780","6,976"
34013,"14,963","41,258","23,764"
34015,"175,623","150,208","80,669"
34017,"59,149","67,858","15,827"
34019,"181,560","123,253","78,197"
34021,"43,826","19,811","4,695"
34023,"100,237","62,510","30,548"
34025,"234,943","147,820","62,513"
34027,"188,285","109,162","31,831"
34029,"179,661","75,112","20,900"
34031,"111,084","142,483","36,753"
34033,"88,782","113,611","58,216"
34035,"9,066","17,215","6,013"
34037,"121,168","48,389","13,572"
34039,"34,239","31,665","6,168"
34041,"123,894","109,393","52,756"
35000,"22,794","24,610","7,211"
35001,"366,238","362,627","211,201"
35003,"149,275","107,248","54,396"
35005,723,"1,095",226
35006,"7,930","10,986","8,993"
35007,"2,252","6,072","3,596"
35009,"2,072","3,197","1,058"
35011,"6,062","8,153","5,172"
35013,142,574,210
35015,"35,137","28,438","26,862"
35017,"6,193","13,087","5,662"
35019,"5,619","5,378","2,876"
35021,455,"1,303",791
35023,117,176,50
35025,474,912,708
35027,"5,389","12,491","11,626"
35028,"4,279","4,016","1,566"
35029,"8,216","1,428",358
35031,"1,973","5,161","4,828"
35033,"4,784","14,565","11,391"
35035,397,"1,204",370
35037,"7,471","12,103","6,911"
35039,902,"2,246",983
35041,"4,860","8,860","4,234"
35043,"2,520","2,953","2,243"
35045,"27,614","23,352","8,568"
35047,"12,085","24,506","12,890"
35049,"3,730","5,669","3,523"
35051,"44,071","23,656","12,625"
35053,"1,581","2,879","1,537"
35055,"2,094","3,521","2,170"
35057,"6,785","6,321","2,970"
35059,"1,927","3,479","1,930"
35061,488,"1,120",662
36000,"8,621","16,478","9,216"
36001,"4,691,446","3,569,454","1,900,892"
36003,"81,047","52,410","14,881"
36005,"6,236","11,508","3,335"
36007,"173,169","248,174","261,022"
36009,"36,234","41,580","12,788"
36011,"9,650","21,434","6,298"
36013,"11,978","18,382","6,856"
36015,"18,806","32,310","10,646"
36017,"14,759","21,063","5,909"
36019,"6,055","13,440","4,545"
36021,"12,281","19,622","7,522"
36023,"13,500","14,220","5,070"
36025,"7,575","10,307","2,925"
36027,"7,025","12,580","4,024"
36029,"68,854","53,890","19,997"
36031,"205,367","180,119","58,410"
36033,"7,138","10,104","3,031"
36035,"6,587","12,920","5,241"
36037,"6,580","14,182","5,147"
36039,"8,800","14,872","3,759"
36041,"7,099","12,816","4,954"
36043,773,"1,098",491
36045,"9,524","15,679","4,354"
36047,"15,294","25,083","7,231"
36049,"597,685","452,449","351,046"
36051,"2,868","8,282","2,019"
36053,"10,432","14,412","4,706"
36055,"12,716","16,078","4,576"
36057,"185,977","124,160","48,778"
36059,"5,467","12,636","5,312"
36061,"407,033","221,890","85,267"
36063,"747,953","155,318","160,845"
36065,"35,296","52,384","13,707"
36067,"38,047","53,574","18,999"
36069,"108,128","81,545","29,825"
36071,"24,385","21,577","5,599"
36073,"68,364","71,105","25,217"
36075,"4,712","11,728","4,061"
36077,"14,453","31,198","10,788"
36079,"11,364","13,226","3,798"
36081,"27,163","18,806","5,103"
36083,"499,006","444,776","315,505"
36085,"32,259","31,519","9,539"
36087,"101,712","101,997","36,063"
36089,"82,053","45,527","25,868"
36091,"16,428","25,990","8,562"
36093,"62,730","40,132","9,439"
36095,"32,458","31,473","10,369"
36097,"4,512","8,371","2,529"
36099,"2,767","5,299","1,326"
36101,"4,982","8,867","3,619"
36103,"15,262","25,448","7,098"
36105,"352,396","295,808","102,414"
36107,"11,853","17,682","7,331"
36109,"8,758","12,331","3,412"
36111,"30,789","11,883","3,279"
36113,"39,957","39,401","12,793"
36115,"13,475","15,842","4,190"
36117,"9,069","17,728","5,140"
36119,"13,556","23,064","6,402"
36121,"312,811","130,376","81,981"
36123,"4,433","12,177","3,515"
37000,"3,806","5,602","2,436"
37001,"1,940,435","1,765,772","914,827"
37003,"23,184","29,577","16,048"
37005,"3,502","10,422","5,095"
37007,"1,493","2,590","1,521"
37009,"1,732","7,470","3,566"
37011,"3,951","6,370","3,377"
37013,"2,601","3,909","2,763"
37015,"6,286","11,131","5,200"
37017,"1,725","5,691","3,767"
37019,"3,593","7,745","5,227"
37021,"24,831","25,335","11,018"
37023,"66,279","44,454","18,187"
37025,"10,658","18,978","12,888"
37027,"36,160","33,180","13,997"
37029,"7,999","18,463","13,017"
37031,"1,431","1,643","1,180"
37033,"13,275","13,635","5,114"
37035,"2,229","5,653","4,204"
37037,"23,052","32,517","17,720"
37039,"19,639","11,004","6,639"
37041,"3,977","6,988","3,268"
37043,"2,129","3,632","1,667"
37045,"1,694","2,632",970
37047,"10,792","22,999","10,893"
37049,"4,710","12,868","7,589"
37051,"15,158","18,130","8,573"
37053,"48,523","51,791","19,520"
37055,"3,845","5,102","2,251"
37057,"7,552","6,395","1,943"
37059,"20,748","38,190","20,120"
37061,"6,937","9,130","4,278"
37063,"4,049","12,213","11,029"
37065,"93,382","33,995","25,033"
37067,"3,847","13,473","8,372"
37069,"81,432","61,318","29,357"
37071,"8,805","13,025","7,256"
37073,"28,717","43,424","24,323"
37075,"1,193","3,076","1,209"
37077,840,"2,129","1,260"
37079,"7,868","12,678","7,454"
37081,"1,372","4,699","3,703"
37083,"116,917","83,200","39,376"
37085,"4,924","13,255","8,531"
37087,"15,464","25,109","11,413"
37089,"10,551","12,704","5,768"
37091,"24,312","21,396","9,243"
37093,"2,516","5,550","3,311"
37095,"5,780","9,337","4,999"
37097,356,"1,668",789
37099,"29,159","33,150","13,778"
37101,"7,727","7,050","3,474"
37103,"25,331","36,091","17,953"
37105,"1,046","2,182","1,381"
37107,"8,225","10,272","7,525"
37109,"5,508","12,678","7,942"
37111,"11,033","17,597","8,995"
37113,"4,699","11,284","5,646"
37115,"5,781","7,755","3,105"
37117,"3,692","4,570","2,618"
37119,"2,651","6,064","2,737"
37121,"288,665","123,444","69,510"
37123,"1,971","3,682","2,070"
37125,"2,797","6,183","4,552"
37127,"22,934","16,244","6,997"
37129,"12,615","21,733","10,249"
37131,"55,655","32,556","11,320"
37133,"1,701","5,761","3,277"
37135,"19,491","28,922","9,007"
37137,"49,369","12,864","6,521"
37139,"1,889","3,056","1,310"
37141,"5,034","8,544","3,884"
37143,"9,121","11,854","5,716"
37145,"1,744","3,548","1,512"
37147,"4,104","10,302","4,213"
37149,"30,566","25,801","11,648"
37151,"4,927","3,899","1,893"
37153,"14,738","33,667","19,518"
37155,"4,238","10,752","6,055"
37157,"10,756","29,338","20,111"
37159,"9,048","23,648","12,348"
37161,"16,710","31,456","15,300"
37163,"7,928","15,102","9,009"
37165,"5,070","14,239","10,327"
37167,"3,474","8,123","5,072"
37169,"6,734","14,170","6,380"
37171,"4,813","13,195","5,992"
37173,"7,769","15,668","11,401"
37175,"1,495","3,198","1,924"
37177,"7,366","7,043","2,928"
37179,257,"1,226",842
37181,"46,136","34,280","14,873"
37183,"3,402","10,778","7,027"
37185,"328,593","106,154","50,508"
37187,"2,113","5,102","3,004"
37189,836,"3,256","1,792"
37191,"11,456","6,164","3,531"
37193,"15,295","24,123","13,903"
37195,"6,726","16,096","11,306"
37197,"10,213","18,450","10,881"
37199,"3,211","9,119","5,785"
38000,"2,613","4,466","2,151"
38001,"134,554","131,086","38,034"
38003,463,572,68
38005,"1,826","2,521",703
38007,579,"1,250",580
38009,171,226,68
38011,990,"1,493",427
38013,486,722,227
38015,317,434,168
38017,"20,820","14,419","4,012"
38019,"38,783","21,534","5,741"
38021,527,800,254
38023,987,963,435
38025,411,603,210
38027,605,960,265
38029,375,519,185
38031,378,905,375
38033,517,683,269
38035,276,305,94
38037,"13,347","10,131","2,555"
38039,328,674,206
38041,351,568,214
38043,269,704,236
38045,351,637,161
38047,665,898,405
38049,201,606,227
38051,851,"1,424",411
38053,388,666,391
38055,"1,594","2,018",495
38057,"1,274","2,471",595
38059,"1,268","1,794",579
38061,"5,228","6,446","1,641"
38063,"1,451","1,809",500
38065,449,750,193
38067,223,417,155
38069,"1,050","1,825",574
38071,444,"1,121",371
38073,"1,739","2,489",723
38075,663,"1,409",387
38077,296,534,135
38079,"2,291","3,047",899
38081,"1,853","1,838","1,322"
38083,527,870,230
38085,168,397,143
38087,383,742,329
38089,149,141,58
38091,"4,818","6,003","1,825"
38093,336,433,86
38095,"3,573","5,014","1,471"
38097,303,542,126
38099,"1,484","1,433",425
38101,"1,285","2,817","1,008"
38103,"11,163","12,648","2,827"
38105,667,"1,036",477
39000,"4,613","5,825","1,573"
39001,"2,092,875","2,654,140","825,155"
39003,"2,080","8,727","4,159"
39005,"12,048","26,925","7,426"
39007,"6,919","15,190","4,428"
39009,"9,026","30,505","10,022"
39011,"10,380","11,708","3,686"
39013,"5,508","13,835","2,220"
39015,"8,334","21,511","5,154"
39017,"3,780","14,512","4,479"
39019,"69,285","79,198","24,528"
39021,"2,287","9,564","2,594"
39023,"4,391","12,074","2,887"
39025,"16,689","34,497","11,883"
39027,"37,579","45,584","14,161"
39029,"4,577","11,719","3,199"
39031,"10,476","34,104","9,302"
39033,"3,037","12,416","3,595"
39035,"3,766","13,599","3,427"
39037,"269,342","246,721","100,034"
39039,"4,648","17,232","3,931"
39041,"4,077","11,538","2,629"
39043,"64,435","25,199","4,150"
39045,"11,597","20,543","5,057"
39047,"26,566","34,031","8,306"
39049,"2,858","9,734","2,483"
39051,"311,493","202,861","78,299"
39053,"4,857","11,978","2,727"
39055,"3,181","8,315","4,014"
39057,"23,755","17,216","5,691"
39059,"41,064","27,495","8,066"
39061,"3,725","11,555","4,235"
39063,"192,127","145,945","53,291"
39065,"13,227","18,623","3,842"
39067,"2,785","9,448","2,043"
39069,"1,078","5,264","1,574"
39071,"3,057","8,440","1,666"
39073,"3,511","12,622","4,714"
39075,"2,815","9,022","2,310"
39077,"1,923","9,039","10,338"
39079,"5,288","18,456","4,820"
39081,"3,753","9,500","3,502"
39083,"7,377","20,196","4,833"
39085,"8,653","16,238","4,124"
39087,"44,183","54,667","13,156"
39089,"6,056","17,826","6,144"
39091,"26,584","41,448","10,950"
39093,"4,825","15,249","3,235"
39095,"48,828","66,926","22,530"
39097,"72,817","88,266","32,517"
39099,"5,024","12,890","4,086"
39101,"37,533","62,455","16,299"
39103,"5,676","19,912","6,192"
39105,"38,023","38,519","7,689"
39107,"2,219","7,135","2,648"
39109,"4,564","12,972","2,222"
39111,"15,092","25,821","7,819"
39113,"1,120","5,349","1,310"
39115,"94,782","102,861","37,595"
39117,"1,268","4,865","1,277"
39119,"3,206","10,797","3,308"
39121,"8,753","24,060","7,842"
39123,"1,013","5,342","1,708"
39125,"6,441","11,398","2,326"
39127,"1,711","6,520","1,279"
39129,"2,891","10,702","3,889"
39131,"6,747","16,871","5,036"
39133,"2,360","7,817","4,203"
39135,"28,233","38,533","8,364"
39137,"3,870","12,850","3,228"
39139,"4,372","9,544","1,611"
39141,"13,933","34,737","10,886"
39143,"8,301","23,652","7,731"
39145,"6,100","17,419","4,394"
39147,"7,965","21,583","8,436"
39149,"5,449","16,843","3,424"
39151,"5,520","14,034","3,004"
39153,"58,567","98,058","24,753"
39155,"115,217","120,559","33,824"
39157,"26,086","65,635","16,178"
39159,"9,595","29,730","9,011"
39161,"10,433","12,785","2,892"
39163,"3,345","9,282","1,649"
39165,862,"4,176","1,729"
39167,"60,591","38,588","10,533"
39169,"7,978","17,897","4,245"
39171,"16,245","30,671","11,028"
39173,"3,659","11,606","2,935"
39175,"25,229","25,012","4,714"
40000,"2,255","7,399","1,497"
40001,"620,115","801,598","322,890"
40003,"1,912","6,114","2,926"
40005,896,"1,717",491
40007,"1,409","3,887","1,743"
40009,783,"1,373",576
40011,"2,802","6,096","2,373"
40013,"1,182","2,652","1,042"
40015,"6,510","10,073","4,112"
40017,"3,130","8,051","2,757"
40019,"21,967","25,163","7,021"
40021,"6,269","12,235","4,339"
40023,"7,212","9,574","4,288"
40025,"1,330","4,073","1,996"
40027,316,604,248
40029,"54,191","43,393","14,899"
40031,658,"1,549",663
40033,"16,029","26,079","8,041"
40035,682,"1,691",513
40037,"1,471","4,142","1,474"
40039,"7,490","19,668","6,593"
40041,"4,719","5,857","2,054"
40043,"4,960","10,934","4,607"
40045,709,"1,421",305
40047,623,"1,028",345
40049,"8,699","14,825","5,200"
40051,"2,831","7,984","2,826"
40053,"6,431","14,177","4,462"
40055,766,"1,107",283
40057,621,"1,616",612
40059,413,511,441
40061,607,899,452
40063,"1,053","3,423","1,712"
40065,"1,048","3,866","1,959"
40067,"3,396","4,381","2,888"
40069,570,"1,804",690
40071,"1,181","2,739","1,420"
40073,"5,825","9,975","3,890"
40075,"2,208","3,586","1,174"
40077,"1,127","2,396",985
40079,"1,127","2,469","1,126"
40081,"4,871","13,687","6,097"
40083,"3,359","9,096","3,483"
40085,"7,992","9,973","2,930"
40087,868,"2,803","1,085"
40089,"5,641","8,475","2,943"
40091,"2,990","9,079","3,998"
40093,"2,018","5,902","2,307"
40095,879,"2,151",629
40097,"1,494","3,825","2,171"
40099,"4,213","10,541","3,791"
40101,"1,919","3,612","1,636"
40103,"8,896","16,656","6,714"
40105,"1,781","2,754",904
40107,908,"3,134","1,037"
40109,"1,003","3,113","1,729"
40111,"152,704","125,367","67,294"
40113,"4,032","9,498","3,301"
40115,"5,634","13,873","4,002"
40117,"2,892","7,534","3,363"
40119,"1,851","4,828","1,396"
40121,"15,827","11,272","3,764"
40123,"5,029","11,357","4,332"
40125,"6,630","8,339","2,827"
40127,"8,309","16,617","6,310"
40129,"1,139","3,091","1,408"
40131,527,958,202
40133,"13,858","19,670","5,208"
40135,"2,309","5,950","2,694"
40137,"3,954","10,764","5,177"
40139,"5,489","12,180","4,001"
40141,"2,631","3,861","3,699"
40143,828,"1,864","1,145"
40145,"125,993","106,106","45,849"
40147,"11,103","17,734","5,304"
40149,"9,321","12,445","3,278"
40151,"1,659","3,167",924
40153,"1,526","1,906",694
41000,"2,885","5,284","1,738"
41001,"866,373","657,520","276,498"
41003,"2,715","3,732","1,132"
41005,"28,312","7,556","2,636"
41007,"93,809","61,765","18,523"
41009,"6,530","6,942","2,184"
41011,"6,719","11,396","3,379"
41013,"8,556","15,125","5,153"
41015,"2,561","5,780","1,970"
41017,"4,186","4,905","1,834"
41019,"40,675","28,824","8,559"
41021,"12,847","25,509","8,575"
41023,228,505,135
41025,"1,193","1,747",569
41027,893,"1,827",538
41029,"4,616","3,815","3,018"
41031,"38,938","40,464","16,569"
41033,"2,427","4,406","2,481"
41035,"10,643","19,933","6,914"
41037,"8,664","14,059","5,701"
41039,"1,011","1,949",938
41041,"70,002","60,355","21,640"
41043,"8,201","10,602","3,821"
41045,"14,912","25,034","8,510"
41047,"2,633","5,961","3,938"
41049,"47,525","57,508","31,598"
41051,700,"2,432","1,750"
41053,"238,041","98,417","52,027"
41055,"14,890","12,932","4,509"
41057,222,469,87
41059,"3,950","6,363","1,940"
41061,"7,705","14,347","8,609"
41063,"3,974","5,748","1,257"
41065,"1,337","1,728",359
41067,"3,302","5,334","2,523"
41069,"156,722","70,682","34,900"
41071,194,435,96
42000,"16,540","18,934","8,126"
42001,"2,595,950","3,183,249","925,686"
42003,"15,460","29,599","8,631"
42005,"343,876","254,567","53,974"
42007,"7,671","24,163","5,393"
42009,"28,671","47,914","9,883"
42011,"4,859","17,935","4,711"
42013,"65,670","105,849","40,227"
42015,"17,349","42,747","8,283"
42017,"7,711","21,049","4,861"
42019,"169,579","133,426","28,445"
42021,"43,431","44,591","8,464"
42023,"19,865","44,733","9,360"
42025,566,"1,666",466
42027,"7,535","22,028","5,082"
42029,"39,759","29,207","6,283"
42031,"173,198","77,505","24,292"
42033,"5,452","12,039","3,000"
42035,"7,842","30,114","7,645"
42037,"4,381","11,523","3,097"
42039,"9,339","19,507","4,821"
42041,"12,367","26,897","7,000"
42043,"57,035","57,456","14,628"
42045,"55,049","63,814","20,502"
42047,"139,018","119,347","28,713"
42049,"4,046","11,105","1,925"
42051,"50,622","74,726","16,766"
42053,"14,363","49,133","12,318"
42055,539,"3,549","1,248"
42057,"21,196","45,583","14,220"
42059,"1,392","5,451","1,355"
42061,"4,639","12,770","3,554"
42063,"4,811","16,730","3,726"
42065,"12,438","24,740","6,202"
42067,"4,677","16,175","3,444"
42069,"2,316","8,938","3,069"
42071,"39,089","56,335","14,925"
42073,"90,904","132,375","54,574"
42075,"12,814","27,935","6,614"
42077,"18,609","40,596","13,089"
42079,"70,517","81,306","29,113"
42081,"50,011","88,806","24,732"
42083,"16,640","32,444","8,989"
42085,"5,122","14,433","3,146"
42087,"17,243","35,277","8,381"
42089,"3,943","16,708","5,538"
42091,"26,672","41,302","11,833"
42093,"270,904","140,207","34,804"
42095,"3,808","5,544","1,357"
42097,"58,066","73,199","19,950"
42099,"10,206","34,122","9,635"
42101,"5,233","14,802","3,757"
42103,"272,786","346,895","180,039"
42105,"10,275","14,189","3,759"
42107,"1,854","5,897","1,540"
42109,"16,260","50,617","12,860"
42111,"4,438","12,103","4,553"
42113,"8,745","27,792","7,270"
42115,763,"2,420",539
42117,"5,113","14,218","3,390"
42119,"6,009","12,939","3,201"
42121,"6,806","12,587","4,559"
42123,"6,374","19,020","4,283"
42125,"5,458","13,801","2,603"
42127,"41,825","57,736","12,257"
42129,"7,908","16,621","3,902"
42131,"70,776","101,343","18,351"
42133,"3,665","9,432","1,646"
44000,"70,392","123,672","34,909"
44001,"235,228","200,648","94,558"
44003,"15,848","7,125","3,293"
44005,"38,382","34,336","10,375"
44007,"27,040","13,578","4,109"
44009,"115,960","126,062","71,278"
45000,"37,998","19,547","5,503"
45001,"865,057","963,022","456,087"
45003,"2,347","6,003","3,713"
45005,"28,936","35,407","16,597"
45007,651,"2,695","1,684"
45009,"26,338","41,956","21,151"
45011,"1,887","2,819","2,215"
45013,"1,897","5,068","2,934"
45015,"49,139","28,211","9,375"
45017,"29,946","39,759","15,408"
45019,"1,818","4,138","1,727"
45021,"109,446","57,726","26,003"
45023,"5,942","13,556","8,096"
45025,"3,199","8,244","4,529"
45027,"3,618","12,895","7,357"
45029,"3,540","8,618","4,849"
45031,"3,992","9,830","4,284"
45033,"7,859","16,457","8,770"
45035,"1,953","7,372","5,547"
45037,"25,792","27,417","9,930"
45039,"3,525","6,727","3,728"
45041,"2,858","6,373","2,942"
45043,"20,684","30,674","14,083"
45045,"11,587","13,073","6,206"
45047,"106,698","82,146","42,545"
45049,"10,990","13,704","8,176"
45051,"1,545","5,893","2,808"
45053,"49,230","69,261","24,955"
45055,"2,752","6,829","4,088"
45057,"8,905","15,537","6,083"
45059,"13,673","19,570","9,256"
45061,"6,373","15,632","9,259"
45063,"1,304","5,273","2,790"
45065,"56,507","54,218","20,467"
45067,"1,489","2,436","1,531"
45069,"3,534","7,968","4,366"
45071,"1,659","8,012","5,019"
45073,"4,177","9,108","5,623"
45075,"12,690","16,963","8,797"
45077,"11,869","20,182","9,348"
45079,"17,724","23,600","11,850"
45081,"93,254","55,804","23,344"
45083,"2,306","5,115","3,043"
45085,"44,783","58,498","32,080"
45087,"13,223","20,559","11,996"
45089,"2,440","7,722","3,989"
45091,"2,856","9,261","4,747"
46000,"48,122","44,713","18,799"
46003,"152,785","171,623","49,055"
46005,376,657,208
46007,"2,458","3,931","2,007"
46009,342,590,405
46011,943,"1,988",567
46013,"7,156","4,623",756
46015,"7,122","8,353","1,979"
46017,913,"1,046",492
46019,83,426,232
46021,"1,385","2,680",630
46023,258,439,103
46025,"1,040","2,181",667
46027,410,981,255
46029,"3,335","1,658",360
46031,"3,889","7,009","1,513"
46033,382,816,429
46035,"1,627","1,983",441
46037,"3,518","3,578","1,244"
46039,693,"1,584",450
46041,598,"1,250",256
46043,433,"1,137",464
46045,435,780,301
46047,625,898,303
46049,"1,248","1,712",360
46051,445,576,133
46053,745,"2,222",502
46055,574,"1,109",351
46057,292,553,137
46059,752,"1,623",264
46061,550,793,196
46063,440,749,161
46065,250,253,59
46067,"4,002","3,377","1,062"
46069,"1,083","1,850",659
46071,216,468,74
46073,339,604,230
46075,261,611,166
46077,88,271,51
46079,826,"1,371",342
46081,"2,742","2,653",496
46083,"5,347","5,272","1,017"
46085,"13,581","7,008","1,602"
46087,444,949,291
46089,845,"1,214",401
46091,259,494,363
46093,747,"1,062",362
46095,"4,153","5,561","1,157"
46097,176,513,207
46099,339,602,154
46101,"36,016","33,746","10,220"
46113,"1,147","1,379",384
46103,787,"1,940","1,550"
46105,"20,916","20,126","5,198"
46107,419,863,235
46109,350,728,156
46111,"1,042","2,398",840
46115,330,630,175
46117,950,"1,718",348
46119,545,709,185
46121,246,320,81
46123,769,"1,219","1,009"
46125,833,"1,452",486
46127,"1,248","2,057",454
46129,"3,036","2,956",879
46135,819,"1,450",483
46137,"4,331","5,282","1,291"
47000,236,592,222
47001,"1,122,416","1,451,602","620,548"
47003,"12,850","17,775","7,776"
47005,"4,334","12,600","5,941"
47007,"1,457","5,556","2,176"
47009,"1,151","4,236","2,594"
47011,"20,650","30,845","10,577"
47013,"14,468","22,654","11,448"
47015,"3,041","12,021","7,336"
47017,"1,283","4,462","1,655"
47019,"2,926","8,055","4,098"
47021,"6,628","16,233","7,692"
47023,"5,270","10,134","3,905"
47025,"1,730","4,233","1,751"
47027,"2,966","9,140","5,119"
47029,780,"2,647","1,344"
47031,"2,586","11,738","5,363"
47033,"6,731","13,680","5,317"
47035,"1,342","3,906","2,320"
47037,"8,189","16,487","7,174"
47039,"173,509","105,806","56,790"
47041,948,"3,886","1,486"
47043,"1,889","5,865","2,936"
47045,"4,920","15,340","5,693"
47047,"4,711","10,020","4,286"
47049,"6,210","9,937","3,877"
47051,"1,585","5,714","2,876"
47053,"5,353","11,069","4,136"
47055,"5,820","12,919","5,108"
47057,"2,852","8,994","3,398"
47059,"1,893","7,313","3,193"
47061,"7,198","21,256","8,878"
47063,"1,038","4,161","2,459"
47065,"6,928","18,052","8,042"
47067,"72,020","66,058","29,777"
47069,538,"1,899","1,155"
47071,"1,974","8,371","4,191"
47073,"2,357","7,929","3,808"
47075,"5,249","17,596","7,277"
47077,"1,492","5,572","2,407"
47079,"2,571","7,638","3,801"
47081,"3,413","10,984","3,649"
47083,"1,918","7,057","3,842"
47085,615,"2,586","1,322"
47087,"1,643","5,423","2,150"
47089,675,"4,183","1,974"
47091,"5,765","14,454","6,020"
47093,"1,355","5,579","3,184"
47095,"106,087","77,105","28,076"
47097,519,"2,591","1,532"
47099,"1,579","8,294","4,509"
47101,"3,330","12,221","5,742"
47103,"1,033","3,605","1,463"
47105,"4,123","9,709","3,932"
47107,"9,420","12,142","5,458"
47109,"5,014","16,036","6,167"
47111,"1,989","8,123","3,512"
47113,"1,419","6,958","3,734"
47115,"16,472","21,656","7,395"
47117,"2,494","7,480","4,381"
47119,"3,004","9,007","3,420"
47121,"11,506","21,180","6,968"
47123,750,"3,756","1,797"
47125,"3,887","13,752","6,682"
47127,"29,316","35,314","8,986"
47129,800,"1,881",645
47131,"1,158","7,525","3,140"
47133,"3,578","9,051","3,683"
47135,"2,131","6,832","3,323"
47137,545,"2,291","1,373"
47139,357,"1,627",878
47141,"1,163","5,021","2,523"
47143,"11,599","18,182","7,047"
47145,"2,901","8,124","5,301"
47147,"7,279","14,495","5,498"
47149,"8,279","17,868","6,145"
47151,"54,252","54,180","16,566"
47153,"1,320","6,912","3,359"
47155,"1,370","4,040","1,879"
47157,"11,686","24,724","10,979"
47159,"181,892","161,292","77,978"
47161,"1,405","6,132","2,272"
47163,"1,222","3,899","1,287"
47165,"24,163","40,025","16,167"
47167,"29,923","37,621","12,555"
47169,"6,291","15,990","5,757"
47171,790,"2,106","1,105"
47173,"1,668","5,409","2,535"
47175,"1,326","5,953","3,077"
47177,483,"1,976",803
47179,"3,601","11,804","5,854"
47181,"26,452","26,216","9,909"
47183,"1,317","5,373","2,654"
47185,"4,536","8,644","3,266"
47187,"2,192","8,599","3,318"
47189,"75,277","20,803","5,879"
48000,"24,697","26,015","8,738"
48001,"4,800,677","4,286,126","3,015,952"
48003,"4,924","15,294","8,296"
48005,"1,085","3,635","2,669"
48007,"8,887","17,894","11,408"
48009,"3,695","5,205","3,072"
48011,"1,328","2,108",604
48013,314,365,139
48015,"4,290","10,864","7,426"
48017,"4,128","5,744","3,457"
48019,464,"1,233","1,398"
48021,"3,846","4,940","2,108"
48023,"9,525","15,426","10,076"
48025,698,811,343
48027,"1,978","7,520","6,353"
48029,"46,177","54,300","19,255"
48031,"315,328","296,560","194,124"
48033,"2,337","2,590",818
48035,168,107,31
48037,"2,261","4,467","2,265"
48039,"11,790","22,357","7,877"
48041,"62,870","57,362","29,112"
48043,"42,605","21,021","15,385"
48045,"2,354","1,513",892
48047,264,306,259
48049,614,"1,277","1,249"
48051,"4,751","9,391","3,812"
48053,"1,788","4,744","2,366"
48055,"7,146","9,745","4,309"
48057,"3,742","9,199","5,309"
48059,"2,230","4,845","2,815"
48061,"1,399","3,869","1,144"
48063,"40,535","60,394","83,248"
48065,"1,226","3,119","1,538"
48067,"1,059","1,124",311
48069,"3,077","9,589","3,004"
48071,617,"1,495","1,389"
48073,"5,116","7,067","3,923"
48075,"5,788","11,252","6,816"
48077,742,"1,935",703
48079,"1,209","3,101",793
48081,175,588,553
48083,488,830,349
48085,862,"2,435","1,058"
48087,"288,571","88,132","36,966"
48089,347,574,468
48091,"2,630","5,361","2,599"
48093,"29,733","22,045","7,299"
48095,"1,590","3,423","1,877"
48097,357,857,"1,198"
48099,"5,611","7,718","3,605"
48101,"7,081","13,173","5,815"
48103,176,330,302
48105,378,909,799
48107,277,861,660
48109,463,"1,281","1,063"
48111,116,529,532
48113,486,"1,214","1,121"
48115,"471,989","358,305","349,434"
48117,"1,086","3,125","2,224"
48119,"1,581","3,465","3,138"
48121,674,"1,300",498
48123,"204,364","91,870","38,572"
48125,"2,124","5,579","2,920"
48127,233,509,350
48129,690,"2,063","2,189"
48131,380,780,291
48133,667,"2,489","2,470"
48135,"1,797","4,167","2,121"
48137,"13,722","26,248","22,581"
48139,348,420,362
48141,"22,335","29,032","15,677"
48143,"108,231","121,458","117,532"
48145,"6,498","5,573","3,701"
48147,"1,408","4,315","2,887"
48149,"3,706","8,238","4,019"
48151,"3,043","6,618","3,262"
48153,501,871,467
48155,643,"1,114","1,052"
48157,153,324,183
48159,"193,935","75,855","47,134"
48161,"1,378","2,221","1,050"
48163,"1,574","4,646","2,588"
48165,808,"3,810","4,126"
48167,"1,128","3,107","4,268"
48169,"60,479","51,893","25,989"
48171,420,"1,288","2,054"
48173,"6,441","5,272","2,024"
48175,207,190,204
48177,838,"1,968",589
48179,"1,789","4,412","3,573"
48181,"2,087","4,968","3,022"
48183,"16,846","25,749","10,381"
48185,"16,346","22,510","12,853"
48187,"2,464","6,558","4,160"
48189,"25,315","28,497","11,273"
48191,"3,334","7,161","5,200"
48193,260,570,578
48195,"1,270","1,998","1,054"
48197,718,"1,005",899
48199,376,917,680
48201,"5,992","14,164","4,884"
48203,"839,907","650,318","554,024"
48205,"7,678","14,848","7,467"
48207,885,"1,625",789
48209,582,"1,403","1,362"
48211,"39,627","23,937","12,068"
48213,580,652,533
48215,"9,669","18,670","9,435"
48217,"79,646","106,347","167,932"
48219,"3,812","7,966","4,671"
48221,"2,100","4,086","3,117"
48223,"10,037","11,653","4,581"
48225,"4,078","8,785","4,197"
48227,"2,413","6,146","2,928"
48229,"3,093","8,123","5,038"
48231,171,579,"1,093"
48233,"10,183","20,135","10,143"
48235,"2,164","4,314","2,139"
48237,169,410,90
48239,658,"2,560","1,290"
48241,"1,690","3,309","1,561"
48243,"2,558","11,183","3,188"
48245,670,301,338
48247,"31,374","55,351","27,967"
48249,362,"1,122",823
48251,"2,759","9,312","6,847"
48253,"18,150","33,763","16,553"
48255,"1,624","5,875","3,371"
48257,"1,264","3,865","2,422"
48259,"13,951","23,590","11,095"
48261,"10,568","6,489","1,891"
48263,40,99,148
48265,119,148,108
48267,"9,553","10,156","4,901"
48269,587,"1,174",585
48271,49,79,41
48273,339,718,841
48275,"4,468","3,836","3,992"
48277,459,838,498
48279,"5,596","11,321","5,195"
48281,"1,491","2,650","2,207"
48283,"2,857","3,654","1,580"
48285,700,"1,698","1,736"
48287,"2,205","5,681","2,316"
48289,"1,922","4,170","2,002"
48291,"1,977","4,488","1,828"
48293,"5,157","20,078","12,234"
48295,"2,353","5,319","3,333"
48297,404,766,453
48299,958,"3,045","1,801"
48301,"4,139","4,161","2,105"
48303,2,21,17
48305,"48,279","44,012","25,638"
48307,640,"1,229",820
48309,936,"1,871","1,312"
48311,"32,494","41,628","23,638"
48313,77,164,88
48315,"1,209","3,643","2,214"
48317,985,"3,067","1,532"
48319,621,986,731
48321,733,"1,045",337
48323,"3,632","7,963","5,306"
48325,"3,725","6,693","13,176"
48327,"6,166","10,050","5,556"
48329,233,556,326
48331,"25,382","23,700","16,018"
48333,"2,561","6,004","3,221"
48335,753,896,558
48337,683,"2,086","1,552"
48339,"2,005","4,832","2,424"
48341,"110,906","81,042","44,501"
48343,"1,728","3,226","4,619"
48345,"1,456","3,345","1,161"
48347,123,246,82
48349,"9,404","10,460","6,990"
48351,"4,947","9,502","7,305"
48353,696,"4,632","1,239"
48355,"1,239","3,302","1,946"
48357,"46,863","64,985","42,845"
48359,"1,011","1,860","1,486"
48361,309,303,181
48363,"8,469","21,916","6,034"
48365,"3,002","6,711","3,281"
48367,"2,261","5,131","2,506"
48369,"22,395","22,827","8,896"
48371,962,"1,861","1,885"
48373,"1,016","3,643","3,302"
48375,"3,989","12,849","6,489"
48377,"11,169","22,129","18,056"
48379,"1,164",871,"2,010"
48381,770,"3,341","1,477"
48383,"25,497","18,602","7,468"
48385,269,836,668
48387,575,651,488
48389,"1,201","3,475","1,751"
48391,"1,076","2,539","3,751"
48393,537,"1,818","1,006"
48395,195,180,38
48397,"1,925","3,915","1,934"
48399,"21,508","12,574","4,584"
48401,"1,278","2,558","1,493"
48403,"5,303","11,555","7,472"
48405,972,"3,365","1,100"
48407,718,"2,709","1,214"
48409,"1,898","8,649","3,272"
48411,"6,102","13,320","9,253"
48413,607,"1,324","1,063"
48415,375,482,465
48417,"1,722","3,673","2,153"
48419,562,652,347
48421,"2,508","5,844","4,040"
48423,449,548,535
48425,"35,095","35,809","21,817"
48427,"1,135","1,801","1,023"
48429,"3,220","8,289","17,869"
48431,"1,111","2,217","1,501"
48433,188,293,113
48435,120,356,182
48437,427,715,592
48439,747,"1,873",982
48441,"379,742","292,563","182,543"
48443,"19,759","24,512","10,774"
48445,110,206,153
48447,978,"2,506","2,484"
48449,224,354,219
48451,"2,980","5,726","5,479"
48453,"16,633","21,887","12,401"
48455,"356,611","130,629","90,921"
48457,"1,278","4,220","1,713"
48459,"1,700","6,428","2,336"
48461,"4,279","8,886","4,501"
48463,213,810,530
48465,"2,475","3,679","5,090"
48467,"5,086","7,433","9,627"
48469,"5,964","12,841","6,476"
48471,"11,063","18,612","9,610"
48473,"8,801","16,510","7,871"
48475,"4,751","7,734","5,480"
48477,"1,012","2,481","1,652"
48479,"5,090","7,249","4,022"
48481,"25,267","37,034","49,688"
48483,"3,903","9,073","5,908"
48485,536,"1,188",747
48487,"18,656","26,855","11,761"
48489,"1,353","2,746","1,914"
48491,"1,182","4,758","5,041"
48493,"125,760","65,611","22,731"
48495,"5,995","10,903","4,687"
48497,476,"1,327","1,474"
48499,"6,986","14,685","6,353"
48501,"5,349","10,557","4,641"
48503,868,"1,424","1,392"
48505,"2,318","4,277","2,288"
48507,663,"1,802","3,959"
49000,632,"1,924","2,827"
49001,"540,721","393,484","144,663"
49003,799,"1,392",324
49005,"6,439","9,661","2,118"
49007,"21,564","12,858","4,149"
49009,"2,038","3,583","1,587"
49011,77,212,26
49013,"66,870","40,075","8,444"
49015,"1,616","4,118","1,452"
49017,860,"2,092",512
49019,662,"1,136",305
49021,"1,822","1,834",569
49023,"7,394","6,350","2,073"
49025,985,"2,131",460
49027,"1,266","1,497",252
49029,"1,512","2,375",789
49031,"2,263","1,285",127
49033,278,498,228
49035,282,504,54
49037,"221,734","153,270","69,211"
49039,"1,540","2,798","1,395"
49041,"3,167","4,423","1,758"
49043,"2,120","3,983","1,356"
49045,"13,388","3,992","1,502"
49047,"7,334","11,307","2,952"
49049,"3,082","7,183","2,727"
49051,"104,407","45,414","17,457"
49053,"6,120","3,073","1,280"
49055,"26,258","22,866","6,815"
49057,521,428,142
50000,"34,323","43,146","14,599"
50001,"158,225","130,654","35,440"
50003,"9,029","8,066","1,889"
50005,"8,713","7,853","2,444"
50007,"5,981","7,859","2,027"
50009,"51,623","21,231","6,403"
50011,739,"2,056",733
50013,"7,879","12,689","3,459"
50015,"1,794","1,461",324
50017,"6,301","4,612","1,420"
50019,"6,306","7,377","1,728"
50021,"4,334","7,574","2,529"
50023,"12,640","14,983","3,941"
50025,"16,966","12,006","2,667"
50027,"11,239","9,749","2,724"
51000,"14,681","13,138","3,152"
51001,"2,073,641","1,378,019","638,662"
51003,"4,373","9,657","4,650"
51005,"36,087","12,472","6,031"
51007,"1,909","4,454","1,821"
51009,"1,256","3,286","1,673"
51011,"4,247","7,852","3,881"
51013,"2,121","3,839","1,783"
51015,"125,092","13,913","10,590"
51017,"12,523","20,708","7,234"
51019,533,"1,424",437
51021,"15,317","16,856","6,114"
51023,822,"1,917",550
51025,"6,570","8,127","2,019"
51027,"1,478","4,514","2,711"
51029,"1,720","6,090","5,188"
51031,"1,469","5,184","2,774"
51033,"7,951","13,272","5,695"
51035,"3,811","7,616","3,365"
51036,"2,808","7,649","4,300"
51037,694,"2,214","1,239"
51041,"1,107","3,490","1,700"
51043,"82,964","52,290","18,861"
51045,"3,047","2,939","1,278"
51047,512,"1,825",511
51049,"7,290","10,536","5,341"
51051,"1,035","2,443","1,409"
51053,"1,183","3,753","2,888"
51057,"3,347","7,225","3,731"
51059,"1,316","2,958","1,413"
51061,"463,270","97,727","63,671"
51063,"15,600","13,070","3,976"
51065,"2,022","4,035","1,887"
51067,"5,736","4,903","1,972"
51069,"8,345","13,505","5,899"
51071,"16,221","17,532","6,699"
51073,"1,911","4,731","1,789"
51075,"5,950","8,731","2,684"
51077,"5,876","4,529","1,537"
51079,"1,220","4,600","2,380"
51081,"3,211","4,262","2,171"
51083,736,"3,630","2,028"
51085,"3,992","8,879","5,297"
51087,"25,488","18,553","5,130"
51089,"89,871","49,886","20,016"
51091,"4,383","12,674","7,885"
51093,414,735,294
51095,"7,013","6,987","3,425"
51097,"24,809","10,142","3,186"
51099,"1,019","2,181",770
51101,"5,680","4,445","1,179"
51103,"2,093","4,287","1,311"
51105,"2,586","2,675",930
51107,"2,148","6,405","4,537"
51109,"135,823","30,451","15,082"
51111,"5,416","8,869","4,041"
51113,"1,070","3,235","2,206"
51115,"2,386","3,339","1,317"
51117,"1,802","2,283",579
51119,"3,939","7,541","4,611"
51121,"1,938","2,688",946
51125,"24,755","11,870","4,659"
51127,"3,262","3,695","1,480"
51131,"3,731","4,747","1,183"
51133,"1,897","2,835","1,829"
51135,"2,607","3,007",997
51137,"1,678","4,024","2,761"
51139,"6,368","8,307","2,609"
51141,"2,215","7,577","3,563"
51143,"1,854","4,806","2,774"
51145,"6,626","16,347","8,048"
51147,"5,814","6,115","1,925"
51149,"3,009","4,485","2,198"
51153,"5,731","8,562","2,990"
51155,"110,677","59,623","30,781"
51157,"4,647","8,651","4,049"
51159,"1,812","1,482",716
51161,897,"2,735","1,298"
51163,"22,836","17,271","5,598"
51165,"4,225","6,290","2,314"
51167,"13,091","18,655","9,571"
51169,"2,665","7,219","4,422"
51171,"2,074","6,290","3,420"
51173,"5,993","12,248","4,407"
51175,"3,359","8,706","3,963"
51177,"2,144","4,606","2,324"
51179,"24,999","26,493","8,802"
51181,"32,817","20,332","5,679"
51183,"1,131","1,491",815
51185,"1,103","3,847","2,716"
51187,"4,564","10,853","6,656"
51191,"5,334","10,044","3,743"
51193,"9,857","12,791","6,331"
51195,"2,737","4,520","1,939"
51197,"4,034","9,156","6,924"
51199,"3,521","7,886","3,775"
51510,"19,212","8,667","2,745"
51520,"71,499","13,716","9,927"
51530,"2,875","4,162","2,018"
51540,667,"1,676",778
51550,"14,276","6,168","2,761"
51570,"46,955","40,130","13,369"
51580,"2,679","4,259","1,347"
51590,442,"1,626",594
51595,"5,311","8,207","5,901"
51600,567,"1,345",854
51610,"9,094","2,683","1,357"
51620,"7,482",603,191
51630,"1,291","1,601","1,084"
51640,"6,954","4,113","1,434"
51650,476,"1,861","1,158"
51660,"21,688","24,916","8,911"
51670,"9,132","6,588","3,762"
51678,"2,132","5,441","2,828"
51680,"1,137",451,379
51683,"14,647","11,237","5,185"
51685,"7,889","6,707","4,850"
51690,"3,116","2,803","1,796"
51700,"1,729","2,764","1,977"
51710,"28,631","32,197","12,500"
51720,"40,017","39,825","18,779"
51730,485,649,482
51735,"3,668","7,299","4,715"
51740,"3,379","2,124",442
51750,"13,375","18,708","9,587"
51760,"2,550","1,768",778
51770,"53,770","33,372","23,443"
51775,"15,871","22,044","10,247"
51790,"4,566","5,118","1,785"
51800,"5,835","4,989","2,052"
51810,"15,401","16,251","6,929"
51820,"103,105","67,145","20,447"
51830,"3,318","5,110","2,013"
51840,"4,150","1,063",389
53000,"5,656","5,054","2,987"
53001,"1,612,159","1,101,156","452,496"
53003,"1,444","2,773","3,554"
53005,"3,307","4,582","1,575"
53007,"35,421","29,608","12,475"
53009,"12,692","14,342","8,716"
53011,"13,312","14,736","4,434"
53013,"83,619","75,508","24,868"
53015,752,767,298
53017,"11,238","21,945","8,538"
53019,"4,627","7,527","4,948"
53021,"1,008","1,760",699
53023,"7,890","12,945","13,182"
53025,399,523,59
53027,"8,654","14,634","13,793"
53029,"7,774","16,961","5,970"
53031,"18,234","13,144","3,012"
53033,"9,542","5,434","1,352"
53035,"718,554","234,399","110,490"
53037,"54,911","39,876","10,011"
53039,"8,874","6,363","2,419"
53041,"3,678","4,172","2,028"
53043,"8,224","16,381","6,856"
53045,"1,644","2,336",648
53047,"8,297","14,179","5,639"
53049,"5,279","8,637","5,085"
53051,"2,692","5,128","1,833"
53053,"1,790","2,925","1,031"
53055,"140,235","155,638","49,757"
53057,"6,087","2,228",604
53059,"20,611","22,184","9,257"
53061,"1,855","2,331",779
53063,"158,484","125,148","42,540"
53065,"93,781","81,986","22,606"
53067,"5,590","10,319","3,137"
53069,"61,323","41,551","11,832"
53071,463,941,211
53073,"11,158","8,756","4,443"
53075,"44,605","32,580","11,966"
53077,"11,414","3,824",955
54000,"22,697","42,085","40,896"
54001,"253,706","524,971","190,148"
54003,"1,463","5,003","2,153"
54005,"15,169","28,207","9,561"
54007,"1,449","8,418","3,471"
54009,"1,277","5,349","1,986"
54011,"3,342","6,732","1,666"
54013,"16,810","20,488","8,331"
54015,648,"2,494","1,256"
54017,642,"2,976","1,781"
54019,881,"2,489","1,288"
54021,"4,270","14,391","5,930"
54023,962,"2,309","1,171"
54025,"1,197","4,008","1,560"
54027,"5,103","10,656","4,209"
54029,"1,921","8,391","3,388"
54031,"4,010","9,400","2,836"
54033,"1,491","4,786","2,002"
54035,"10,522","18,511","5,997"
54037,"3,646","8,431","2,770"
54039,"11,264","12,134","4,239"
54041,"34,280","50,781","16,283"
54043,"1,660","5,951","1,509"
54045,"1,360","6,654","3,150"
54047,"2,250","10,468","5,649"
54049,774,"6,753","5,274"
54051,"8,491","15,593","4,302"
54053,"3,765","10,770","2,526"
54055,"2,214","9,267","2,974"
54057,"8,441","16,788","7,352"
54059,"2,391","9,448","2,186"
54061,"1,784","7,415","4,688"
54063,"24,338","18,860","5,229"
54065,"1,324","4,940","1,848"
54067,"2,283","5,291","2,215"
54069,"2,844","8,541","3,039"
54071,"9,136","10,575","2,458"
54073,797,"2,650","1,040"
54075,744,"2,743",687
54077,"1,059","3,162",996
54079,"3,608","11,978","4,090"
54081,"9,975","15,255","3,206"
54083,"10,107","22,334","8,720"
54085,"3,870","9,761","3,637"
54087,751,"3,492","1,306"
54089,"1,208","4,700","2,259"
54091,"1,502","4,162","1,747"
54093,"2,273","5,189","1,730"
54095,737,"2,597",659
54097,899,"3,078",813
54099,"3,085","7,772","2,680"
54101,"3,754","11,953","6,013"
54103,588,"2,948","1,672"
54105,"1,233","5,492","1,944"
54107,400,"2,021",692
54109,"12,395","22,771","6,344"
55000,"1,319","7,645","3,636"
55001,"1,104,082","1,233,220","336,096"
55003,"2,045","6,928","2,050"
55005,"2,397","3,762",902
55007,"5,894","12,524","3,262"
55009,"3,344","3,428",629
55011,"47,954","53,096","14,605"
55013,"1,731","4,001",806
55015,"2,150","4,565",918
55017,"9,537","10,721","2,446"
55019,"8,529","16,723","3,486"
55021,"2,492","9,238","3,990"
55023,"9,035","13,963","2,879"
55025,"1,857","4,942","1,175"
55027,"165,150","61,833","15,989"
55029,"10,244","25,658","6,905"
55031,"6,717","6,971","1,365"
55033,"6,995","10,098","1,974"
55035,"7,204","9,376","1,930"
55037,"19,577","16,647","4,373"
55039,616,"1,347",252
55041,"15,451","26,711","5,939"
55043,915,"2,600",879
55045,"6,795","12,295","2,745"
55047,"5,867","9,795","2,014"
55049,"2,365","5,621","1,524"
55051,"3,824","5,995","1,090"
55053,919,"1,624",307
55055,"1,996","6,083","1,697"
55057,"13,406","20,385","5,068"
55059,"2,479","8,012","2,676"
55061,"27,233","35,715","11,053"
55063,"2,446","6,133","1,149"
55065,"24,115","19,604","4,066"
55067,"2,003","4,593","1,148"
55069,"2,286","6,006","1,442"
55071,"3,296","8,176","2,003"
55073,"11,216","23,109","5,192"
55075,"22,203","33,610","8,210"
55077,"4,369","12,977","2,598"
55078,"1,547","4,814","1,294"
55079,413,"1,053",268
55081,"185,226","173,824","81,522"
55083,"5,556","11,858","2,993"
55085,"4,408","11,965","2,615"
55087,"7,121","9,023","2,161"
55089,"33,807","40,970","7,873"
55091,"28,283","13,295","2,213"
55093,958,"2,207",477
55095,"7,113","8,618","1,359"
55097,"6,057","12,077","2,228"
55099,"13,580","14,652","3,040"
55101,"1,719","4,355","1,029"
55103,"31,651","41,515","14,748"
55105,"2,196","5,090","1,311"
55107,"22,500","39,535","11,476"
55109,"1,520","4,403","1,286"
55111,"19,317","15,520","2,454"
55113,"9,809","16,089","4,004"
55115,"2,678","4,205","1,077"
55117,"4,589","13,245","2,755"
55119,"18,867","29,499","6,683"
55121,"1,915","6,563","1,758"
55123,"3,889","7,944","2,137"
55125,"4,338","7,765","2,441"
55127,"4,440","5,160","1,250"
55129,"18,693","21,254","6,098"
55131,"2,540","4,460",971
55133,"27,369","28,318","5,649"
55135,"114,976","66,774","11,370"
55137,"6,569","16,014","3,401"
55139,"2,735","7,573","2,495"
55141,"30,437","38,466","8,936"
56000,"10,614","20,252","3,988"
56001,"100,674","112,932","29,451"
56003,"9,811","3,434",863
56005,"1,553","2,404",838
56007,"5,813","10,632","2,540"
56009,"2,157","3,692","1,017"
56011,"1,485","3,621",933
56013,"1,092","1,664",310
56015,"6,040","8,787","2,307"
56017,"2,173","2,808",794
56019,809,"1,000",306
56021,"1,541","2,010",309
56023,"17,797","17,075","4,320"
56025,"2,497","3,833",852
56027,"12,018","15,766","4,508"
56029,335,489,195
56031,"6,519","5,188","1,171"
56033,"1,246","2,045",612
56035,"6,339","5,239","1,291"
56037,"1,699","2,619",325
56039,"6,071","9,689","2,646"
56041,"9,101","2,673",784
56043,"2,374","4,774","1,351"
56045,"1,230","1,796",734
72000,974,"1,694",445
72001,"590,850","657,537","627,038"
72003,"2,342","3,105","4,737"
72005,"5,614","6,153","9,710"
72007,"9,386","10,515","11,853"
72009,"2,782","5,746","6,335"
72011,"3,488","5,759","4,389"
72013,"3,180","6,385","6,330"
72015,"13,469","19,087","16,524"
72017,"2,088","4,587","3,135"
72019,"2,795","5,562","4,306"
72021,"3,229","6,053","5,671"
72023,"37,737","31,966","27,786"
72025,"8,755","8,776","10,789"
72027,"27,844","24,760","19,275"
72029,"4,853","6,126","7,138"
72031,"6,369","9,775","8,299"
72033,"34,461","29,518","19,402"
72035,"3,728","5,074","4,732"
72037,"7,645","9,569","8,610"
72039,"1,485","2,862","2,112"
72041,"1,677","3,545","4,207"
72043,"6,509","9,081","6,767"
72045,"5,717","8,915","7,627"
72047,"1,654","4,216","5,138"
72049,"3,790","6,389","7,369"
72051,130,374,343
72053,"7,713","6,375","6,187"
72054,"5,032","7,372","5,048"
72055,907,"3,434","1,672"
72057,"1,806","4,597","4,039"
72059,"5,603","10,126","7,532"
72061,"2,738","3,946","3,845"
72063,"29,974","11,170","11,152"
72065,"10,837","7,494","6,720"
72067,"6,979","5,948","9,250"
72069,"2,791","3,494","3,271"
72071,"8,954","11,611","9,320"
72073,"6,091","9,083","9,120"
72075,"1,633","3,928","2,817"
72077,"6,995","10,057","8,642"
72079,"5,578","8,051","6,478"
72081,"2,650","4,429","6,539"
72083,"3,224","4,541","7,604"
72085,827,"1,860","2,868"
72087,"4,673","8,568","6,276"
72089,"2,359","7,181","4,561"
72091,"2,487","4,444","3,175"
72093,"6,222","7,398","8,207"
72095,426,"1,529","1,966"
72097,"1,268","1,953","2,820"
72099,"11,966","15,902","15,680"
72101,"4,752","8,006","8,606"
72103,"3,593","5,669","6,639"
72105,"3,429","5,024","5,647"
72107,"3,210","5,074","5,899"
72109,"2,216","4,761","5,250"
72111,"1,956","3,888","3,658"
72113,"2,712","4,402","4,169"
72115,"26,553","30,225","25,221"
72117,"2,750","4,907","5,077"
72119,"2,091","2,670","3,633"
72121,"7,132","11,774","8,597"
72123,"3,205","5,637","4,501"
72125,"3,409","6,708","5,378"
72127,"5,248","6,964","6,948"
72129,"88,745","54,957","54,381"
72131,"5,230","7,550","8,289"
72133,"4,810","6,748","10,637"
72135,"3,336","5,055","3,341"
72137,"15,511","11,851","10,053"
72139,"13,058","16,265","12,143"
72141,"16,858","11,541","7,873"
72143,"3,747","6,136","6,624"
72145,"5,033","6,199","8,636"
72147,"7,867","5,198","15,891"
72149,"1,175","2,219","1,903"
72151,"2,891","5,370","4,619"
72153,"4,071","6,330","7,912"
,,,
,,,
,,,
,,,
,,,
,,,
,,,
,,,
,,,
,,,
,,,
,,,
,,,
,,,
,,,
,,,
,,,
,,,
,,,
,,,
,,,
,,,
,,,
,,,
,,,
,,,
,,,
,,,
,,,
,,,
,,,
,,,
,,,
,,,
,,,
,,,
,,,
,,,
,,,
,,,
,,,
,,,
,,,
,,,
,,,
,,,
,,,
,,,
,,,
,,,
,,,
,,,
,,,
,,,
,,,
,,,
,,,
,,,
,,,
,,,
,,,
,,,
,,,
,,,
,,,
,,,
,,,
,,,
,,,
,,,
,,,
,,,
,,,
,,,
,,,
,,,
,,,
,,,
,,,
,,,
,,,
,,,
,,,
,,,
,,,
,,,
,,,
,,,
,,,
,,,
,,,
,,,
,,,
,,,
,,,
,,,
,,,
,,,
,,,
,,,
,,,
,,,
,,,
,,,
,,,
,,,
,,,
,,,
,,,
,,,
,,,
,,,
,,,
,,,
,,,
,,,
,,,
,,,
,,,
,,,
,,,
,,,
,,,
,,,
,,,
,,,
,,,
,,,
,,,
,,,
,,,
,,,
,,,
,,,
,,,
,,,
,,,
,,,
,,,
,,,
,,,
,,,
,,,
,,,
,,,
,,,
,,,
,,,
,,,
,,,
,,,
,,,
,,,
,,,
,,,
,,,
,,,
,,,
,,,
,,,
,,,
,,,
,,,
,,,
,,,
,,,
,,,
,,,
,,,
,,,
,,,
,,,
,,,
,,,
,,,
,,,
,,,
,,,
,,,
,,,
,,,
,,,
,,,
,,,
,,,
,,,
,,,
,,,
,,,
,,,
,,,
,,,
,,,
,,,
,,,
,,,
,,,
,,,
,,,
,,,
,,,
,,,
,,,
,,,
,,,
,,,
,,,
,,,
,,,
,,,
,,,
,,,
,,,
,,,
,,,
,,,
,,,
,,,
,,,
,,,
,,,
,,,
,,,
,,,
,,,
,,,
,,,
,,,
,,,
,,,
,,,
,,,
,,,
,,,
,,,
,,,
,,,
,,,
,,,
,,,
,,,
,,,
,,,
,,,
,,,
,,,
,,,
,,,
,,,
,,,
,,,
,,,
,,,
,,,
,,,
,,,
,,,
,,,
,,,
,,,
,,,
,,,
,,,
,,,
,,,
,,,
,,,
,,,
,,,
,,,
,,,
,,,
,,,
,,,
,,,
,,,
,,,
,,,
,,,
,,,
,,,
,,,
,,,
,,,
,,,
,,,
,,,
,,,
,,,
,,,
,,,
,,,
,,,
,,,
,,,
,,,
,,,
,,,
,,,
,,,
,,,
,,,
,,,
,,,
,,,
,,,
,,,
,,,
,,,
,,,
,,,
,,,
,,,
,,,
,,,
,,,
,,,
,,,
,,,
,,,
,,,
,,,
,,,
,,,
,,,
,,,
,,,
,,,
,,,
,,,
,,,
,,,
,,,
,,,
,,,
,,,
,,,
,,,
,,,
,,,
,,,
,,,
,,,
,,,
,,,
,,,
,,,
,,,
,,,
,,,
,,,
,,,
,,,
,,,
,,,
,,,
,,,
,,,
,,,
,,,
,,,
,,,
,,,
,,,
,,,
,,,
,,,
,,,
,,,
,,,
,,,
,,,
,,,
,,,
,,,
,,,
,,,
,,,
,,,
,,,
,,,
,,,
,,,
,,,
,,,
,,,
,,,
,,,
,,,
,,,