0	99
1	98
10	96
100	99
1000	99
1001	99
1002	99
1003	99
1004	99
1005	97
1006	97
1007	100
1008	100
1009	100
101	98
1010	100
1011	98
1012	98
1013	90
1014	99
1015	99
1016	98
1017	98
1018	100
1019	100
102	100
1020	99
1021	100
1022	100
1023	98
1024	100
1025	100
1026	100
1027	100
1028	97
1029	99
103	100
1030	100
1031	100
1032	100
1033	99
1034	100
1035	99
1036	89
1037	100
1038	100
1039	98
104	98
1040	98
1041	99
1042	98
1043	98
1044	100
1045	99
1046	99
1047	98
1048	100
1049	96
105	99
1050	100
1051	100
1052	97
1053	97
1054	99
1055	100
1056	100
1057	97
1058	100
1059	97
106	100
1060	99
1061	99
1062	99
1063	99
1064	95
1065	100
1066	98
1067	100
1068	99
1069	97
107	100
1070	99
1071	100
1072	98
1073	98
1074	97
1075	100
1076	99
1077	100
1078	98
1079	100
108	100
1080	96
1081	98
1082	98
1083	100
1084	100
1085	100
1086	98
1087	98
1088	95
1089	96
109	100
1090	97
1091	96
1092	100
1093	99
1094	99
1095	100
1096	96
1097	98
1098	98
1099	97
11	98
110	98
1100	100
1101	100
1102	100
1103	100
1104	100
1105	98
1106	100
1107	100
1108	92
1109	99
111	96
1110	99
1111	98
1112	100
1113	99
1114	100
1115	100
1116	100
1117	98
1118	98
1119	96
112	95
1120	100
1121	100
1122	100
1123	95
1124	100
1125	99
1126	100
1127	98
1128	99
1129	100
113	100
1130	99
1131	100
1132	100
1133	100
1134	100
1135	100
1136	90
1137	100
1138	100
1139	99
114	100
1140	98
1141	99
1142	99
1143	98
1144	100
1145	99
1146	96
1147	97
1148	99
1149	100
115	100
1150	97
1151	99
1152	100
1153	97
1154	98
1155	100
1156	95
1157	99
1158	99
1159	100
116	100
1160	99
1161	99
1162	92
1163	95
1164	100
1165	99
1166	100
1167	100
1168	100
1169	100
117	100
1170	98
1171	99
1172	99
1173	95
1174	100
1175	99
1176	100
1177	98
1178	99
1179	95
118	99
1180	99
1181	100
1182	100
1183	98
1184	99
1185	99
1186	100
1187	99
1188	100
1189	93
119	99
1190	100
1191	99
1192	99
1193	100
1194	98
1195	98
1196	94
1197	100
1198	100
1199	99
12	100
120	100
1200	95
1201	98
1202	99
1203	98
1204	100
1205	98
1206	100
1207	99
1208	99
1209	98
121	99
1210	98
1211	98
1212	99
1213	100
1214	100
1215	99
1216	98
1217	99
1218	97
1219	100
122	99
1220	99
1221	97
1222	98
1223	100
1224	99
1225	99
1226	100
1227	99
1228	100
1229	98
123	100
1230	99
1231	100
1232	98
1233	100
1234	99
1235	100
1236	100
1237	100
1238	99
1239	99
124	96
1240	100
1241	99
1242	100
1243	100
1244	99
1245	98
1246	100
1247	99
1248	99
1249	99
125	98
1250	100
1251	94
1252	100
1253	98
1254	100
1255	100
1256	98
1257	99
1258	100
1259	99
126	100
1260	100
1261	99
1262	98
1263	99
1264	100
1265	100
1266	99
1267	99
1268	99
1269	99
127	100
1270	100
1271	100
1272	100
1273	100
1274	100
1275	96
1276	96
1277	100
1278	100
1279	99
128	99
1280	100
1281	99
1282	98
1283	98
1284	100
1285	100
1286	99
1287	98
1288	98
1289	98
129	99
1290	82
1291	99
1292	94
1293	99
1294	100
1295	100
1296	99
1297	97
1298	99
1299	100
13	100
130	98
1300	99
1301	97
1302	98
1303	100
1304	100
1305	97
1306	99
1307	99
1308	100
1309	98
131	100
1310	99
1311	100
1312	100
1313	96
1314	100
1315	100
1316	97
1317	100
1318	97
1319	98
132	100
1320	100
1321	100
1322	100
1323	100
1324	99
1325	100
1326	100
1327	99
1328	100
1329	97
133	98
1330	98
1331	99
1332	91
1333	93
1334	99
1335	96
1336	98
1337	99
1338	99
1339	100
134	99
1340	99
1341	99
1342	100
1343	95
1344	100
1345	96
1346	97
1347	98
1348	100
1349	100
135	99
1350	99
1351	98
1352	100
1353	97
1354	100
1355	99
1356	97
1357	98
1358	99
1359	99
136	99
1360	99
1361	99
1362	100
1363	98
1364	99
1365	99
1366	100
1367	97
1368	98
1369	98
137	99
1370	100
1371	100
1372	99
1373	100
1374	99
1375	94
1376	100
1377	100
1378	98
1379	99
138	100
1380	100
1381	100
1382	97
1383	100
1384	99
1385	94
1386	100
1387	97
1388	99
1389	100
139	100
1390	97
1391	99
1392	100
1393	97
1394	100
1395	100
1396	100
1397	99
1398	99
1399	100
14	98
140	99
1400	100
1401	99
1402	93
1403	98
1404	96
1405	95
1406	100
1407	99
1408	99
1409	100
141	100
1410	100
1411	100
1412	98
1413	100
1414	99
1415	100
1416	100
1417	92
1418	100
1419	97
142	98
1420	100
1421	99
1422	97
1423	100
1424	98
1425	100
1426	100
1427	100
1428	100
1429	100
143	99
1430	98
1431	96
1432	99
1433	99
1434	95
1435	100
1436	98
1437	100
1438	100
1439	99
144	100
1440	96
1441	100
1442	100
1443	97
1444	99
1445	100
1446	99
1447	100
1448	99
1449	100
145	94
1450	100
1451	97
1452	100
1453	99
1454	100
1455	99
1456	100
1457	99
1458	100
1459	100
146	98
1460	100
1461	91
1462	100
1463	100
1464	97
1465	100
1466	99
1467	100
1468	100
1469	99
147	85
1470	100
1471	89
1472	99
1473	98
1474	100
1475	94
1476	99
1477	100
1478	98
1479	94
148	97
1480	96
1481	99
1482	100
1483	99
1484	100
1485	100
1486	100
1487	100
1488	100
1489	97
149	100
1490	100
1491	99
1492	100
1493	100
1494	100
1495	100
1496	100
1497	99
1498	100
1499	99
15	100
150	100
1500	100
1501	99
1502	99
1503	100
1504	100
1505	99
1506	100
1507	97
1508	98
1509	100
151	99
1510	99
1511	100
1512	100
1513	98
1514	96
1515	99
1516	100
1517	98
1518	100
1519	98
152	99
1520	100
1521	94
1522	100
1523	95
1524	100
1525	100
1526	94
1527	100
1528	99
1529	100
153	100
1530	100
1531	97
1532	100
1533	99
1534	98
1535	100
1536	99
1537	100
1538	99
1539	99
154	97
1540	99
1541	100
1542	100
1543	99
1544	100
1545	100
1546	98
1547	98
1548	96
1549	99
155	99
1550	100
1551	100
1552	99
1553	99
1554	98
1555	100
1556	99
1557	100
1558	100
1559	98
156	97
1560	91
1561	100
1562	100
1563	100
1564	96
1565	100
1566	96
1567	99
1568	97
1569	99
157	99
1570	95
1571	99
1572	99
1573	97
1574	99
1575	98
1576	100
1577	100
1578	100
1579	100
158	99
1580	100
1581	99
1582	100
1583	99
1584	99
1585	96
1586	99
1587	99
1588	99
1589	99
159	97
1590	100
1591	100
1592	98
1593	100
1594	98
1595	98
1596	98
1597	100
1598	100
1599	99
16	98
160	94
1600	99
1601	100
1602	99
1603	100
1604	99
1605	100
1606	99
1607	97
1608	100
1609	95
161	99
1610	99
1611	98
1612	100
1613	98
1614	100
1615	100
1616	99
1617	100
1618	93
1619	99
162	94
1620	100
1621	100
1622	99
1623	99
1624	100
1625	100
1626	99
1627	100
1628	100
1629	100
163	99
1630	100
1631	99
1632	100
1633	100
1634	99
1635	98
1636	100
1637	100
1638	100
1639	98
164	100
1640	100
1641	99
1642	100
1643	98
1644	100
1645	100
1646	100
1647	99
1648	100
1649	99
165	98
1650	99
1651	100
1652	100
1653	100
1654	99
1655	100
1656	99
1657	99
1658	100
1659	97
166	99
1660	97
1661	100
1662	99
1663	98
1664	100
1665	99
1666	100
1667	100
1668	95
1669	98
167	100
1670	100
1671	98
1672	97
1673	97
1674	98
1675	99
1676	100
1677	100
1678	96
1679	99
168	100
1680	100
1681	100
1682	100
1683	99
1684	100
1685	96
1686	99
1687	99
1688	94
1689	95
169	100
1690	100
1691	100
1692	96
1693	96
1694	100
1695	100
1696	96
1697	100
1698	100
1699	100
17	99
170	100
1700	98
1701	98
1702	100
1703	100
1704	98
1705	100
1706	99
1707	100
1708	100
1709	100
171	91
1710	97
1711	100
1712	100
1713	99
1714	100
1715	99
1716	99
1717	100
1718	100
1719	99
172	96
1720	98
1721	97
1722	100
1723	100
1724	91
1725	99
1726	97
1727	98
1728	100
1729	100
173	98
1730	100
1731	99
1732	96
1733	100
1734	98
1735	100
1736	93
1737	100
1738	100
1739	97
174	98
1740	100
1741	100
1742	100
1743	99
1744	100
1745	94
1746	98
1747	98
1748	100
1749	100
175	99
1750	100
1751	96
1752	98
1753	100
1754	98
1755	99
1756	99
1757	99
1758	99
1759	100
176	98
1760	100
1761	99
1762	98
1763	100
1764	100
1765	100
1766	99
1767	98
1768	100
1769	99
177	100
1770	99
1771	99
1772	99
1773	100
1774	98
1775	99
1776	100
1777	100
1778	99
1779	100
178	98
1780	99
1781	100
1782	100
1783	99
1784	95
1785	99
1786	100
1787	99
1788	98
1789	100
179	100
1790	99
1791	100
1792	99
1793	97
1794	100
1795	97
1796	100
1797	100
1798	98
1799	100
18	100
180	99
1800	100
1801	100
1802	99
1803	100
1804	98
1805	99
1806	99
1807	97
1808	97
1809	100
181	100
1810	100
1811	99
1812	100
1813	100
1814	100
1815	98
1816	98
1817	100
1818	100
1819	100
182	98
1820	99
1821	98
1822	99
1823	100
1824	97
1825	100
1826	99
1827	99
1828	97
1829	100
183	100
1830	99
1831	99
1832	94
1833	99
1834	99
1835	99
1836	95
1837	100
1838	98
1839	100
184	100
1840	98
1841	95
1842	98
1843	98
1844	100
1845	100
1846	95
1847	96
1848	99
1849	97
185	100
1850	100
1851	98
1852	100
1853	100
1854	100
1855	97
1856	100
1857	100
1858	96
1859	99
186	97
1860	100
1861	99
1862	98
1863	98
1864	97
1865	99
1866	99
1867	100
1868	99
1869	99
187	100
1870	99
1871	100
1872	100
1873	94
1874	99
1875	100
1876	100
1877	100
1878	100
1879	100
188	100
1880	92
1881	100
1882	100
1883	100
1884	100
1885	100
1886	100
1887	96
1888	99
1889	100
189	100
1890	100
1891	99
1892	100
1893	98
1894	97
1895	98
1896	100
1897	99
1898	98
1899	100
19	100
190	100
1900	100
1901	98
1902	96
1903	99
1904	99
1905	96
1906	99
1907	96
1908	96
1909	98
191	98
1910	99
1911	100
1912	99
1913	99
1914	100
1915	96
1916	100
1917	98
1918	100
1919	96
192	97
1920	99
1921	100
1922	98
1923	99
1924	100
1925	100
1926	96
1927	100
1928	98
1929	98
193	99
1930	99
1931	97
1932	97
1933	99
1934	99
1935	98
1936	99
1937	99
1938	100
1939	97
194	100
1940	97
1941	97
1942	100
1943	100
1944	100
1945	97
1946	93
1947	100
1948	100
1949	100
195	100
1950	98
1951	98
1952	99
1953	100
1954	99
1955	99
1956	100
1957	100
1958	99
1959	100
196	100
1960	99
1961	89
1962	98
1963	99
1964	97
1965	100
1966	100
1967	99
1968	100
1969	99
197	100
1970	100
1971	100
1972	100
1973	99
1974	100
1975	100
1976	97
1977	100
1978	100
1979	95
198	100
1980	95
1981	99
1982	99
1983	100
1984	100
1985	100
1986	100
1987	97
1988	98
1989	98
199	98
1990	97
1991	99
1992	93
1993	100
1994	100
1995	97
1996	100
1997	97
1998	97
1999	100
2	100
20	97
200	100
2000	100
2001	100
2002	99
2003	99
2004	98
2005	100
2006	96
2007	100
2008	100
2009	100
201	100
2010	100
2011	96
2012	99
2013	100
2014	100
2015	99
2016	100
2017	100
2018	100
2019	99
202	98
2020	100
2021	100
2022	100
2023	97
2024	100
2025	100
2026	100
2027	100
2028	99
2029	100
203	97
2030	98
2031	97
2032	100
2033	99
2034	100
2035	100
2036	100
2037	100
2038	100
2039	100
204	100
2040	100
2041	100
2042	100
2043	99
2044	100
2045	100
2046	90
2047	99
2048	99
2049	98
205	100
2050	100
2051	99
2052	100
2053	98
2054	100
2055	96
2056	98
2057	97
2058	98
2059	100
206	100
2060	100
2061	99
2062	100
2063	100
2064	95
2065	100
2066	98
2067	96
2068	100
2069	100
207	100
2070	96
2071	99
2072	96
2073	98
2074	100
2075	89
2076	98
2077	100
2078	100
2079	99
208	100
2080	100
2081	99
2082	100
2083	98
2084	98
2085	99
2086	99
2087	96
2088	98
2089	100
209	98
2090	96
2091	97
2092	100
2093	100
2094	99
2095	100
2096	97
2097	100
2098	95
2099	96
21	98
210	99
2100	100
2101	99
2102	97
2103	96
2104	99
2105	100
2106	98
2107	96
2108	96
2109	99
211	100
2110	99
2111	97
2112	100
2113	100
2114	99
2115	100
2116	98
2117	100
2118	100
2119	100
212	96
2120	97
2121	100
2122	100
2123	99
2124	96
2125	97
2126	100
2127	99
2128	99
2129	99
213	95
2130	93
2131	99
2132	100
2133	97
2134	98
2135	100
2136	99
2137	96
2138	100
2139	100
214	99
2140	93
2141	100
2142	96
2143	99
2144	100
2145	99
2146	100
2147	99
2148	100
2149	96
215	94
2150	100
2151	100
2152	97
2153	100
2154	96
2155	99
2156	94
2157	100
2158	98
2159	96
216	100
2160	99
2161	100
2162	99
2163	96
2164	100
2165	100
2166	95
2167	98
2168	98
2169	100
217	100
2170	99
2171	100
2172	99
2173	100
2174	100
2175	99
2176	98
2177	100
2178	100
2179	99
218	100
2180	100
2181	100
2182	100
2183	94
2184	97
2185	100
2186	100
2187	94
2188	98
2189	99
219	99
2190	100
2191	100
2192	99
2193	94
2194	99
2195	98
2196	100
2197	98
2198	100
2199	100
22	99
220	100
2200	96
2201	97
2202	99
2203	100
2204	99
2205	91
2206	100
2207	97
2208	99
2209	100
221	99
2210	97
2211	100
2212	99
2213	100
2214	100
2215	98
2216	100
2217	95
2218	98
2219	96
222	100
2220	100
2221	100
2222	98
2223	99
2224	100
2225	99
2226	100
2227	100
2228	98
2229	99
223	99
2230	97
2231	99
2232	98
2233	100
2234	100
2235	97
2236	98
2237	100
2238	100
2239	93
224	100
2240	99
2241	100
2242	97
2243	97
2244	99
2245	99
2246	99
2247	100
2248	100
2249	100
225	98
2250	96
2251	93
2252	99
2253	96
2254	100
2255	100
2256	99
2257	99
2258	93
2259	99
226	100
2260	97
2261	99
2262	100
2263	100
2264	95
2265	100
2266	100
2267	96
2268	100
2269	100
227	99
2270	100
2271	98
2272	98
2273	100
2274	99
2275	100
2276	98
2277	98
2278	98
2279	100
228	98
2280	100
2281	100
2282	98
2283	100
2284	99
2285	100
2286	100
2287	100
2288	96
2289	99
229	100
2290	97
2291	95
2292	100
2293	99
2294	100
2295	100
2296	97
2297	99
2298	100
2299	99
23	99
230	99
2300	100
2301	99
2302	99
2303	100
2304	99
2305	100
2306	100
2307	100
2308	99
2309	99
231	96
2310	100
2311	99
2312	97
2313	99
2314	100
2315	100
2316	99
2317	93
2318	100
2319	100
232	97
2320	100
2321	99
2322	97
2323	98
2324	100
2325	99
2326	99
2327	96
2328	98
2329	98
233	98
2330	100
2331	99
2332	99
2333	100
2334	100
2335	99
2336	100
2337	100
2338	99
2339	96
234	100
2340	97
2341	98
2342	100
2343	100
2344	100
2345	98
2346	98
2347	98
2348	97
2349	100
235	98
2350	99
2351	99
2352	99
2353	100
2354	100
2355	98
2356	98
2357	100
2358	100
2359	99
236	100
2360	100
2361	100
2362	95
2363	100
2364	96
2365	100
2366	99
2367	99
2368	100
2369	99
237	100
2370	100
2371	99
2372	98
2373	100
2374	96
2375	100
2376	100
2377	97
2378	100
2379	100
238	100
2380	95
2381	100
2382	98
2383	97
2384	100
2385	97
2386	98
2387	100
2388	98
2389	100
239	100
2390	100
2391	100
2392	100
2393	99
2394	99
2395	94
2396	99
2397	98
2398	98
2399	100
24	99
240	99
2400	100
2401	99
2402	99
2403	99
2404	100
2405	100
2406	99
2407	97
2408	100
2409	98
241	100
2410	100
2411	100
2412	95
2413	100
2414	100
2415	98
2416	98
2417	99
2418	100
2419	97
242	100
2420	100
2421	99
2422	98
2423	98
2424	100
2425	97
2426	99
2427	100
2428	98
2429	96
243	99
2430	97
2431	99
2432	100
2433	100
2434	100
2435	100
2436	99
2437	100
2438	100
2439	97
244	100
2440	100
2441	97
2442	98
2443	100
2444	99
2445	93
2446	100
2447	100
2448	99
2449	99
245	100
2450	90
2451	94
2452	97
2453	98
2454	100
2455	99
2456	98
2457	98
2458	95
2459	98
246	99
2460	98
2461	99
2462	98
2463	98
2464	94
2465	99
2466	100
2467	100
2468	100
2469	98
247	100
2470	99
2471	99
2472	100
2473	98
2474	99
2475	100
2476	100
2477	98
2478	100
2479	100
248	100
2480	97
2481	99
2482	100
2483	100
2484	100
2485	96
2486	99
2487	100
2488	100
2489	92
249	100
2490	99
2491	96
2492	94
2493	98
2494	96
2495	100
2496	98
2497	100
2498	99
2499	97
25	100
250	99
2500	100
2501	100
2502	97
2503	99
2504	100
2505	98
2506	98
2507	95
2508	98
2509	100
251	96
2510	99
2511	97
2512	100
2513	100
2514	99
2515	100
2516	100
2517	94
2518	100
2519	100
252	100
2520	99
2521	100
2522	100
2523	100
2524	100
2525	98
2526	100
2527	99
2528	99
2529	95
253	97
2530	99
2531	100
2532	98
2533	100
2534	99
2535	99
2536	96
2537	99
2538	100
2539	99
254	98
2540	97
2541	100
2542	99
2543	100
2544	100
2545	97
2546	99
2547	95
2548	96
2549	100
255	99
2550	99
2551	96
2552	100
2553	98
2554	92
2555	99
2556	100
2557	99
2558	100
2559	98
256	98
2560	95
2561	100
2562	96
2563	99
2564	100
2565	99
2566	100
2567	99
2568	100
2569	97
257	100
2570	100
2571	98
2572	99
2573	100
2574	97
2575	96
2576	98
2577	95
2578	97
2579	98
258	100
2580	100
2581	96
2582	100
2583	100
2584	99
2585	100
2586	99
2587	97
2588	99
2589	100
259	99
2590	97
2591	98
2592	100
2593	99
2594	100
2595	100
2596	98
2597	99
2598	99
2599	100
26	100
260	96
2600	100
2601	98
2602	99
2603	99
2604	98
2605	99
2606	99
2607	99
2608	100
2609	98
261	100
2610	98
2611	100
2612	99
2613	99
2614	100
2615	99
2616	96
2617	100
2618	99
2619	99
262	99
2620	100
2621	99
2622	100
2623	100
2624	97
2625	98
2626	99
2627	100
2628	100
2629	100
263	93
2630	100
2631	100
2632	99
2633	100
2634	100
2635	100
2636	97
2637	100
2638	100
2639	100
264	100
2640	100
2641	100
2642	99
2643	99
2644	100
2645	98
2646	99
2647	93
2648	96
2649	99
265	98
2650	99
2651	99
2652	100
2653	100
2654	100
2655	100
2656	98
2657	98
2658	100
2659	98
266	97
2660	98
2661	100
2662	100
2663	100
2664	100
2665	100
2666	100
2667	97
2668	93
2669	99
267	98
2670	99
2671	98
2672	100
2673	100
2674	100
2675	97
2676	98
2677	97
2678	98
2679	98
268	99
2680	96
2681	97
2682	99
2683	100
2684	100
2685	97
2686	100
2687	96
2688	98
2689	97
269	100
2690	100
2691	98
2692	100
2693	97
2694	99
2695	97
2696	100
2697	100
2698	92
2699	98
27	99
270	95
2700	96
2701	100
2702	100
2703	98
2704	97
2705	98
2706	100
2707	99
2708	91
2709	97
271	99
2710	100
2711	99
2712	100
2713	97
2714	93
2715	100
2716	98
2717	97
2718	100
2719	97
272	99
2720	99
2721	99
2722	98
2723	100
2724	94
2725	95
2726	100
2727	100
2728	99
2729	100
273	97
2730	100
2731	100
2732	98
2733	99
2734	99
2735	98
2736	100
2737	97
2738	97
2739	100
274	100
2740	100
2741	100
2742	98
2743	100
2744	99
2745	96
2746	99
2747	97
2748	99
2749	99
275	100
2750	99
2751	99
2752	100
2753	100
2754	99
2755	100
2756	98
2757	100
2758	99
2759	98
276	100
2760	100
2761	100
2762	100
2763	99
2764	100
2765	100
2766	100
2767	99
2768	99
2769	98
277	100
2770	96
2771	100
2772	98
2773	96
2774	100
2775	99
2776	100
2777	98
2778	97
2779	98
278	99
2780	100
2781	97
2782	100
2783	97
2784	100
2785	98
2786	100
2787	100
2788	100
2789	100
279	97
2790	100
2791	100
2792	99
2793	100
2794	97
2795	100
2796	99
2797	100
2798	96
2799	100
28	99
280	99
2800	99
2801	93
2802	98
2803	99
2804	100
2805	100
2806	94
2807	99
2808	100
2809	100
281	99
2810	99
2811	99
2812	100
2813	100
2814	100
2815	100
2816	100
2817	98
2818	97
2819	99
282	98
2820	98
2821	100
2822	100
2823	99
2824	100
2825	100
2826	99
2827	98
2828	98
2829	100
283	100
2830	99
2831	96
2832	96
2833	97
2834	100
2835	99
2836	100
2837	99
2838	99
2839	100
284	100
2840	95
2841	94
2842	100
2843	100
2844	100
2845	98
2846	97
2847	100
2848	100
2849	99
285	100
2850	100
2851	99
2852	100
2853	99
2854	94
2855	98
2856	100
2857	99
2858	99
2859	98
286	100
2860	100
2861	100
2862	96
2863	100
2864	99
2865	100
2866	100
2867	99
2868	100
2869	100
287	97
2870	99
2871	100
2872	98
2873	100
2874	100
2875	97
2876	99
2877	97
2878	100
2879	98
288	98
2880	100
2881	97
2882	98
2883	100
2884	97
2885	96
2886	99
2887	95
2888	100
2889	100
289	98
2890	100
2891	100
2892	100
2893	99
2894	100
2895	99
2896	97
2897	100
2898	100
2899	99
29	95
290	100
2900	99
2901	100
2902	99
2903	96
2904	99
2905	95
2906	99
2907	95
2908	97
2909	100
291	95
2910	100
2911	100
2912	99
2913	100
2914	95
2915	98
2916	100
2917	97
2918	100
2919	100
292	98
2920	100
2921	100
2922	100
2923	100
2924	100
2925	99
2926	99
2927	98
2928	100
2929	100
293	99
2930	100
2931	96
2932	99
2933	99
2934	99
2935	100
2936	100
2937	99
2938	99
2939	100
294	99
2940	98
2941	100
2942	100
2943	99
2944	100
2945	99
2946	98
2947	97
2948	98
2949	97
295	100
2950	99
2951	99
2952	99
2953	98
2954	100
2955	99
2956	100
2957	100
2958	99
2959	97
296	98
2960	100
2961	99
2962	100
2963	94
2964	100
2965	100
2966	100
2967	98
2968	100
2969	100
297	100
2970	97
2971	94
2972	97
2973	100
2974	100
2975	100
2976	100
2977	100
2978	100
2979	100
298	100
2980	97
2981	100
2982	100
2983	97
2984	100
2985	100
2986	98
2987	100
2988	96
2989	100
299	100
2990	91
2991	100
2992	99
2993	100
2994	96
2995	98
2996	99
2997	100
2998	100
2999	99
3	98
30	99
300	100
3000	100
3001	99
3002	100
3003	100
3004	100
3005	100
3006	100
3007	99
3008	100
3009	99
301	99
3010	98
3011	99
3012	99
3013	99
3014	100
3015	99
3016	99
3017	100
3018	99
3019	100
302	98
3020	99
3021	99
3022	98
3023	100
3024	99
3025	99
3026	100
3027	100
3028	96
3029	93
303	99
3030	100
3031	100
3032	99
3033	97
3034	95
3035	100
3036	99
3037	99
3038	99
3039	100
304	99
3040	99
3041	99
3042	99
3043	99
3044	98
3045	93
3046	100
3047	99
3048	99
3049	100
305	99
3050	100
3051	100
3052	100
3053	98
3054	98
3055	98
3056	100
3057	99
3058	100
3059	97
306	97
3060	100
3061	99
3062	98
3063	100
3064	99
3065	100
3066	100
3067	100
3068	94
3069	100
307	99
3070	100
3071	100
3072	99
3073	100
3074	96
3075	99
3076	100
3077	100
3078	98
3079	100
308	100
3080	100
3081	99
3082	99
3083	94
3084	100
3085	100
3086	99
3087	97
3088	100
3089	97
309	99
3090	98
3091	99
3092	100
3093	95
3094	97
3095	97
3096	97
3097	100
3098	100
3099	99
31	99
310	99
3100	100
3101	97
3102	98
3103	100
3104	99
3105	100
3106	96
3107	100
3108	100
3109	98
311	100
3110	100
3111	98
3112	99
3113	100
3114	100
3115	100
3116	99
3117	99
3118	97
3119	99
312	100
3120	99
3121	100
3122	100
3123	98
3124	100
3125	100
3126	100
3127	99
3128	100
3129	100
313	99
3130	93
3131	100
3132	100
3133	100
3134	100
3135	95
3136	100
3137	100
3138	100
3139	99
314	96
3140	100
3141	99
3142	96
3143	99
3144	99
3145	100
3146	100
3147	100
3148	100
3149	99
315	98
3150	100
3151	98
3152	95
3153	100
3154	91
3155	100
3156	100
3157	95
3158	100
3159	100
316	98
3160	100
3161	100
3162	99
3163	99
3164	100
3165	100
3166	98
3167	98
3168	100
3169	99
317	99
3170	97
3171	95
3172	99
3173	100
3174	100
3175	98
3176	100
3177	100
3178	97
3179	98
318	100
3180	96
3181	98
3182	100
3183	99
3184	100
3185	100
3186	99
3187	97
3188	99
3189	99
319	100
3190	100
3191	96
3192	100
3193	94
3194	100
3195	96
3196	100
3197	98
3198	97
3199	100
32	100
320	100
3200	98
3201	97
3202	99
3203	100
3204	99
3205	100
3206	100
3207	100
3208	100
3209	100
321	99
3210	98
3211	100
3212	100
3213	100
3214	98
3215	99
3216	99
3217	96
3218	98
3219	100
322	96
3220	100
3221	94
3222	97
3223	99
3224	100
3225	99
3226	100
3227	97
3228	100
3229	98
323	100
3230	99
3231	100
3232	100
3233	98
3234	99
3235	100
3236	100
3237	96
3238	100
3239	96
324	99
3240	100
3241	100
3242	99
3243	100
3244	100
3245	100
3246	100
3247	100
3248	100
3249	100
325	100
3250	100
3251	100
3252	100
3253	100
3254	100
3255	100
3256	100
3257	100
3258	100
3259	99
326	99
3260	100
3261	99
3262	100
3263	98
3264	98
3265	100
3266	100
3267	100
3268	99
3269	100
327	98
3270	100
3271	100
3272	98
3273	99
3274	99
3275	100
3276	100
3277	94
3278	99
3279	98
328	100
3280	100
3281	100
3282	96
3283	100
3284	100
3285	100
3286	100
3287	99
3288	100
3289	99
329	100
3290	99
3291	99
3292	100
3293	99
3294	99
3295	100
3296	100
3297	96
3298	100
3299	98
33	95
330	97
3300	99
3301	99
3302	100
3303	100
3304	99
3305	99
3306	100
3307	99
3308	100
3309	99
331	100
3310	98
3311	98
3312	94
3313	99
3314	99
3315	92
3316	99
3317	100
3318	99
3319	100
332	100
3320	100
3321	100
3322	100
3323	100
3324	95
3325	99
3326	96
3327	100
3328	100
3329	100
333	97
3330	98
3331	100
3332	99
3333	99
3334	99
3335	100
3336	97
3337	98
3338	98
3339	97
334	99
3340	99
3341	98
3342	99
3343	96
3344	100
3345	100
3346	100
3347	98
3348	100
3349	100
335	99
3350	97
3351	94
3352	100
3353	100
3354	95
3355	100
3356	100
3357	98
3358	98
3359	97
336	100
3360	98
3361	97
3362	100
3363	99
3364	100
3365	100
3366	99
3367	100
3368	100
3369	100
337	100
3370	100
3371	100
3372	100
3373	97
3374	99
3375	100
3376	100
3377	98
3378	100
3379	100
338	100
3380	100
3381	100
3382	97
3383	99
3384	98
3385	100
3386	100
3387	100
3388	100
3389	100
339	100
3390	100
3391	100
3392	95
3393	98
3394	99
3395	100
3396	100
3397	100
3398	100
3399	96
34	100
340	96
3400	96
3401	100
3402	99
3403	99
3404	100
3405	98
3406	100
3407	99
3408	100
3409	100
341	100
3410	100
3411	94
3412	99
3413	99
3414	100
3415	98
3416	99
3417	99
3418	98
3419	99
342	99
3420	99
3421	99
3422	100
3423	100
3424	96
3425	100
3426	100
3427	99
3428	98
3429	100
343	100
3430	100
3431	99
3432	100
3433	95
3434	99
3435	99
3436	97
3437	99
3438	100
3439	98
344	100
3440	99
3441	99
3442	97
3443	99
3444	99
3445	99
3446	99
3447	97
3448	100
3449	97
345	98
3450	97
3451	100
3452	100
3453	99
3454	100
3455	100
3456	99
3457	100
3458	100
3459	98
346	100
3460	100
3461	100
3462	99
3463	100
3464	100
3465	100
3466	98
3467	98
3468	100
3469	100
347	98
3470	100
3471	97
3472	93
3473	100
3474	97
3475	98
3476	98
3477	98
3478	98
3479	99
348	100
3480	97
3481	99
3482	100
3483	100
3484	98
3485	99
3486	96
3487	98
3488	97
3489	100
349	97
3490	100
3491	100
3492	98
3493	100
3494	99
3495	100
3496	98
3497	98
3498	93
3499	99
35	100
350	100
3500	98
3501	100
3502	100
3503	100
3504	100
3505	98
3506	99
3507	100
3508	100
3509	100
351	99
3510	100
3511	99
3512	99
3513	100
3514	98
3515	99
3516	100
3517	97
3518	100
3519	98
352	100
3520	100
3521	100
3522	100
3523	98
3524	97
3525	98
3526	100
3527	94
3528	98
3529	100
353	100
3530	100
3531	100
3532	100
3533	95
3534	100
3535	98
3536	100
3537	100
3538	100
3539	100
354	98
3540	100
3541	100
3542	99
3543	97
3544	98
3545	98
3546	100
3547	100
3548	97
3549	99
355	95
3550	99
3551	100
3552	97
3553	99
3554	99
3555	100
3556	98
3557	99
3558	99
3559	97
356	99
3560	100
3561	97
3562	99
3563	100
3564	97
3565	98
3566	93
3567	100
3568	99
3569	100
357	100
3570	98
3571	99
3572	98
3573	100
3574	99
3575	96
3576	99
3577	99
3578	100
3579	98
358	98
3580	98
3581	99
3582	99
3583	99
3584	98
3585	100
3586	95
3587	94
3588	100
3589	97
359	99
3590	100
3591	98
3592	99
3593	100
3594	96
3595	100
3596	98
3597	100
3598	99
3599	98
36	100
360	98
3600	100
3601	99
3602	99
3603	100
3604	97
3605	100
3606	100
3607	100
3608	96
3609	98
361	100
3610	99
3611	100
3612	100
3613	98
3614	99
3615	97
3616	100
3617	100
3618	99
3619	98
362	99
3620	97
3621	100
3622	99
3623	99
3624	99
3625	97
3626	100
3627	98
3628	100
3629	100
363	100
3630	100
3631	100
3632	100
3633	99
3634	99
3635	96
3636	96
3637	97
3638	99
3639	99
364	100
3640	98
3641	100
3642	92
3643	100
3644	99
3645	100
3646	96
3647	95
3648	97
3649	100
365	99
3650	100
3651	99
3652	98
3653	97
3654	100
3655	100
3656	100
3657	100
3658	98
3659	98
366	100
3660	100
3661	100
3662	98
3663	98
3664	100
3665	100
3666	100
3667	100
3668	100
3669	96
367	97
3670	100
3671	100
3672	94
3673	99
3674	100
3675	99
3676	100
3677	97
3678	99
3679	100
368	100
3680	98
3681	100
3682	100
3683	98
3684	100
3685	100
3686	100
3687	100
3688	100
3689	100
369	99
3690	99
3691	100
3692	99
3693	97
3694	100
3695	100
3696	99
3697	98
3698	96
3699	99
37	99
370	99
3700	99
3701	97
3702	98
3703	95
3704	98
3705	97
3706	100
3707	100
3708	98
3709	97
371	97
3710	100
3711	100
3712	98
3713	96
3714	98
3715	100
3716	99
3717	97
3718	91
3719	99
372	100
3720	100
3721	99
3722	100
3723	99
3724	100
3725	99
3726	96
3727	99
3728	99
3729	99
373	98
3730	96
3731	100
3732	100
3733	99
3734	97
3735	100
3736	100
3737	99
3738	97
3739	100
374	100
3740	99
3741	100
3742	97
3743	100
3744	100
3745	100
3746	94
3747	100
3748	100
3749	98
375	99
3750	99
3751	100
3752	100
3753	94
3754	100
3755	99
3756	97
3757	97
3758	98
3759	100
376	100
3760	97
3761	99
3762	99
3763	96
3764	97
3765	98
3766	100
3767	99
3768	99
3769	99
377	100
3770	100
3771	100
3772	97
3773	99
3774	97
3775	99
3776	98
3777	99
3778	100
3779	98
378	100
3780	96
3781	100
3782	100
3783	99
3784	96
3785	98
3786	98
3787	100
3788	99
3789	96
379	97
3790	100
3791	100
3792	95
3793	94
3794	99
3795	100
3796	98
3797	97
3798	99
3799	100
38	97
380	100
3800	95
3801	100
3802	99
3803	99
3804	98
3805	100
3806	100
3807	99
3808	98
3809	97
381	99
3810	100
3811	99
3812	100
3813	100
3814	98
3815	100
3816	100
3817	100
3818	99
3819	100
382	100
3820	97
3821	99
3822	99
3823	96
3824	98
3825	100
3826	98
3827	99
3828	100
3829	100
383	100
3830	100
3831	98
3832	100
3833	96
3834	99
3835	98
3836	100
3837	98
3838	100
3839	99
384	100
3840	100
3841	100
3842	100
3843	97
3844	100
3845	100
3846	100
3847	92
3848	100
3849	99
385	100
3850	98
3851	96
3852	100
3853	96
3854	98
3855	100
3856	97
3857	100
3858	93
3859	98
386	99
3860	100
3861	100
3862	99
3863	100
3864	97
3865	99
3866	96
3867	100
3868	100
3869	100
387	99
3870	97
3871	99
3872	100
3873	95
3874	100
3875	100
3876	100
3877	99
3878	100
3879	96
388	100
3880	100
3881	99
3882	100
3883	98
3884	100
3885	98
3886	100
3887	100
3888	100
3889	99
389	98
3890	99
3891	91
3892	99
3893	99
3894	100
3895	98
3896	99
3897	100
3898	99
3899	98
39	100
390	100
3900	99
3901	100
3902	100
3903	97
3904	97
3905	100
3906	99
3907	100
3908	100
3909	99
391	98
3910	100
3911	100
3912	99
3913	100
3914	100
3915	99
3916	99
3917	100
3918	100
3919	100
392	99
3920	100
3921	100
3922	100
3923	100
3924	97
3925	100
3926	99
3927	99
3928	100
3929	96
393	98
3930	99
3931	100
3932	97
3933	100
3934	100
3935	99
3936	96
3937	100
3938	98
3939	100
394	98
3940	99
3941	99
3942	98
3943	100
3944	98
3945	99
3946	99
3947	95
3948	98
3949	95
395	100
3950	99
3951	100
3952	99
3953	100
3954	99
3955	100
3956	98
3957	100
3958	95
3959	100
396	99
3960	100
3961	100
3962	97
3963	97
3964	99
3965	100
3966	97
3967	97
3968	100
3969	97
397	100
3970	96
3971	99
3972	100
3973	100
3974	100
3975	99
3976	94
3977	100
3978	99
3979	97
398	100
3980	100
3981	96
3982	100
3983	99
3984	100
3985	100
3986	100
3987	100
3988	100
3989	100
399	100
3990	100
3991	100
3992	97
3993	100
3994	98
3995	96
3996	100
3997	99
3998	100
3999	100
4	98
40	98
400	100
4000	100
4001	98
4002	100
4003	100
4004	94
4005	100
4006	100
4007	100
4008	100
4009	99
401	100
4010	100
4011	96
4012	100
4013	96
4014	100
4015	100
4016	98
4017	100
4018	98
4019	99
402	99
4020	100
4021	97
4022	100
4023	99
4024	96
4025	97
4026	100
4027	98
4028	97
4029	100
403	99
4030	100
4031	100
4032	98
4033	100
4034	99
4035	90
4036	99
4037	100
4038	100
4039	99
404	100
4040	97
4041	97
4042	99
4043	98
4044	99
4045	100
4046	100
4047	97
4048	100
4049	100
405	96
4050	100
4051	99
4052	100
4053	99
4054	98
4055	100
4056	99
4057	100
4058	100
4059	98
406	97
4060	100
4061	100
4062	95
4063	96
4064	99
4065	98
4066	100
4067	99
4068	98
4069	95
407	100
4070	99
4071	100
4072	100
4073	97
4074	100
4075	100
4076	99
4077	100
4078	100
4079	100
408	99
4080	99
4081	100
4082	98
4083	100
4084	98
4085	100
4086	99
4087	98
4088	100
4089	99
409	100
4090	98
4091	99
4092	98
4093	100
4094	100
4095	97
4096	100
4097	98
4098	98
4099	100
41	100
410	98
4100	100
4101	99
4102	100
4103	99
4104	99
4105	96
4106	100
4107	100
4108	100
4109	100
411	100
4110	100
4111	99
4112	100
4113	99
4114	91
4115	100
4116	98
4117	100
4118	100
4119	99
412	98
4120	100
4121	99
4122	99
4123	99
4124	100
4125	98
4126	98
4127	98
4128	100
4129	98
413	99
4130	99
4131	98
4132	100
4133	98
4134	100
4135	93
4136	97
4137	98
4138	98
4139	98
414	100
4140	100
4141	99
4142	97
4143	99
4144	96
4145	99
4146	100
4147	99
4148	96
4149	99
415	100
4150	100
4151	97
4152	100
4153	100
4154	92
4155	97
4156	100
4157	97
4158	99
4159	98
416	100
4160	97
4161	100
4162	100
4163	97
4164	100
4165	97
4166	99
4167	99
4168	99
4169	99
417	100
4170	100
4171	100
4172	100
4173	100
4174	100
4175	99
4176	100
4177	99
4178	100
4179	100
418	99
4180	100
4181	97
4182	100
4183	98
4184	99
4185	98
4186	96
4187	100
4188	100
4189	100
419	96
4190	99
4191	99
4192	100
4193	99
4194	100
4195	100
4196	100
4197	100
4198	96
4199	99
42	100
420	98
4200	100
4201	99
4202	98
4203	100
4204	96
4205	98
4206	95
4207	99
4208	99
4209	100
421	100
4210	97
4211	100
4212	98
4213	99
4214	100
4215	98
4216	100
4217	100
4218	100
4219	98
422	100
4220	100
4221	93
4222	100
4223	99
4224	95
4225	99
4226	100
4227	100
4228	99
4229	98
423	100
4230	98
4231	99
4232	99
4233	98
4234	100
4235	98
4236	99
4237	99
4238	100
4239	98
424	100
4240	99
4241	100
4242	100
4243	91
4244	99
4245	100
4246	94
4247	98
4248	100
4249	99
425	98
4250	96
4251	99
4252	97
4253	100
4254	100
4255	100
4256	99
4257	99
4258	98
4259	99
426	100
4260	100
4261	99
4262	99
4263	100
4264	99
4265	100
4266	99
4267	100
4268	99
4269	99
427	99
4270	100
4271	100
4272	97
4273	99
4274	100
4275	96
4276	98
4277	98
4278	97
4279	97
428	100
4280	97
4281	100
4282	100
4283	98
4284	100
4285	100
4286	99
4287	99
4288	100
4289	100
429	100
4290	99
4291	98
4292	100
4293	100
4294	100
4295	98
4296	98
4297	94
4298	99
4299	100
43	94
430	98
4300	99
4301	98
4302	100
4303	97
4304	100
4305	100
4306	98
4307	99
4308	100
4309	100
431	100
4310	99
4311	99
4312	100
4313	99
4314	96
4315	100
4316	100
4317	100
4318	100
4319	98
432	95
4320	98
4321	97
4322	100
4323	96
4324	100
4325	97
4326	100
4327	99
4328	99
4329	100
433	98
4330	100
4331	100
4332	98
4333	96
4334	98
4335	100
4336	100
4337	100
4338	100
4339	99
434	100
4340	97
4341	100
4342	99
4343	100
4344	100
4345	97
4346	100
4347	99
4348	95
4349	99
435	100
4350	100
4351	100
4352	100
4353	98
4354	93
4355	100
4356	100
4357	99
4358	99
4359	98
436	100
4360	99
4361	99
4362	98
4363	100
4364	100
4365	96
4366	100
4367	99
4368	99
4369	99
437	99
4370	100
4371	100
4372	96
4373	99
4374	100
4375	100
4376	99
4377	98
4378	100
4379	100
438	100
4380	99
4381	95
4382	100
4383	100
4384	99
4385	98
4386	99
4387	100
4388	98
4389	99
439	100
4390	99
4391	100
4392	100
4393	99
4394	100
4395	100
4396	100
4397	97
4398	100
4399	100
44	98
440	100
4400	97
4401	98
4402	99
4403	100
4404	96
4405	99
4406	98
4407	97
4408	99
4409	99
441	100
4410	99
4411	99
4412	99
4413	100
4414	100
4415	97
4416	99
4417	100
4418	99
4419	100
442	99
4420	99
4421	97
4422	99
4423	100
4424	100
4425	100
4426	98
4427	100
4428	99
4429	100
443	99
4430	99
4431	100
4432	99
4433	100
4434	99
4435	100
4436	100
4437	98
4438	97
4439	100
444	99
4440	99
4441	97
4442	100
4443	100
4444	95
4445	99
4446	99
4447	98
4448	92
4449	100
445	100
4450	99
4451	99
4452	100
4453	99
4454	100
4455	97
4456	99
4457	97
4458	99
4459	99
446	99
4460	99
4461	98
4462	100
4463	100
4464	100
4465	95
4466	99
4467	100
4468	96
4469	97
447	100
4470	94
4471	94
4472	99
4473	98
4474	99
4475	99
4476	100
4477	98
4478	98
4479	99
448	97
4480	99
4481	99
4482	99
4483	100
4484	100
4485	97
4486	100
4487	98
4488	94
4489	100
449	91
4490	97
4491	97
4492	100
4493	99
4494	99
4495	100
4496	99
4497	100
4498	100
4499	100
45	99
450	97
4500	98
4501	100
4502	99
4503	96
4504	100
4505	95
4506	99
4507	98
4508	100
4509	100
451	100
4510	100
4511	100
4512	99
4513	97
4514	94
4515	95
4516	98
4517	100
4518	100
4519	100
452	99
4520	96
4521	98
4522	95
4523	100
4524	99
4525	100
4526	100
4527	100
4528	99
4529	100
453	100
4530	100
4531	99
4532	97
4533	99
4534	99
4535	97
4536	100
4537	99
4538	99
4539	100
454	97
4540	100
4541	99
4542	100
4543	95
4544	100
4545	99
4546	91
4547	100
4548	98
4549	97
455	100
4550	100
4551	100
4552	99
4553	97
4554	100
4555	99
4556	100
4557	100
4558	96
4559	100
456	100
4560	100
4561	100
4562	96
4563	99
4564	98
4565	98
4566	99
4567	100
4568	99
4569	96
457	97
4570	96
4571	100
4572	100
4573	96
4574	99
4575	100
4576	98
4577	96
4578	100
4579	98
458	100
4580	100
4581	100
4582	100
4583	98
4584	100
4585	100
4586	94
4587	100
4588	98
4589	100
459	100
4590	99
4591	98
4592	99
4593	100
4594	100
4595	100
4596	99
4597	100
4598	100
4599	100
46	96
460	100
4600	98
4601	99
4602	100
4603	97
4604	99
4605	100
4606	99
4607	100
4608	94
4609	98
461	99
4610	99
4611	100
4612	99
4613	95
4614	97
4615	99
4616	97
4617	100
4618	100
4619	99
462	96
4620	99
4621	100
4622	99
4623	100
4624	100
4625	100
4626	100
4627	99
4628	98
4629	99
463	97
4630	99
4631	100
4632	100
4633	100
4634	100
4635	99
4636	100
4637	99
4638	97
4639	99
464	99
4640	96
4641	100
4642	99
4643	99
4644	99
4645	98
4646	100
4647	100
4648	99
4649	98
465	99
4650	99
4651	100
4652	98
4653	96
4654	100
4655	100
4656	99
4657	98
4658	100
4659	99
466	100
4660	100
4661	100
4662	100
4663	99
4664	100
4665	99
4666	100
4667	100
4668	98
4669	98
467	98
4670	100
4671	99
4672	99
4673	100
4674	99
4675	99
4676	100
4677	100
4678	100
4679	100
468	100
4680	100
4681	100
4682	100
4683	98
4684	99
4685	100
4686	99
4687	100
4688	100
4689	100
469	100
4690	100
4691	100
4692	100
4693	99
4694	99
4695	99
4696	96
4697	100
4698	98
4699	99
47	100
470	99
4700	100
4701	97
4702	98
4703	100
4704	100
4705	99
4706	99
4707	95
4708	100
4709	98
471	99
4710	99
4711	100
4712	100
4713	99
4714	100
4715	100
4716	100
4717	100
4718	99
4719	99
472	100
4720	97
4721	99
4722	98
4723	100
4724	99
4725	99
4726	100
4727	100
4728	99
4729	96
473	98
4730	98
4731	98
4732	99
4733	100
4734	96
4735	99
4736	99
4737	100
4738	99
4739	98
474	93
4740	98
4741	98
4742	100
4743	99
4744	98
4745	99
4746	99
4747	100
4748	97
4749	98
475	98
4750	99
4751	100
4752	99
4753	98
4754	99
4755	100
4756	100
4757	100
4758	100
4759	98
476	100
4760	100
4761	100
4762	99
4763	100
4764	100
4765	100
4766	99
4767	100
4768	96
4769	99
477	99
4770	100
4771	99
4772	100
4773	97
4774	100
4775	99
4776	98
4777	99
4778	98
4779	100
478	100
4780	100
4781	100
4782	97
4783	100
4784	98
4785	100
4786	95
4787	99
4788	100
4789	100
479	99
4790	100
4791	97
4792	99
4793	98
4794	100
4795	94
4796	100
4797	100
4798	100
4799	100
48	100
480	100
4800	97
4801	97
4802	98
4803	100
4804	95
4805	100
4806	100
4807	99
4808	100
4809	99
481	99
4810	98
4811	99
4812	100
4813	96
4814	98
4815	100
4816	99
4817	100
4818	100
4819	98
482	100
4820	100
4821	94
4822	98
4823	97
4824	100
4825	97
4826	100
4827	100
4828	100
4829	97
483	99
4830	99
4831	97
4832	100
4833	100
4834	100
4835	100
4836	99
4837	99
4838	99
4839	100
484	97
4840	98
4841	98
4842	100
4843	100
4844	97
4845	100
4846	100
4847	100
4848	99
4849	100
485	95
4850	100
4851	100
4852	99
4853	99
4854	98
4855	100
4856	99
4857	99
4858	100
4859	98
486	98
4860	100
4861	100
4862	100
4863	98
4864	99
4865	98
4866	100
4867	100
4868	100
4869	96
487	97
4870	97
4871	100
4872	100
4873	100
4874	99
4875	98
4876	100
4877	99
4878	100
4879	100
488	100
4880	92
4881	99
4882	100
4883	97
4884	99
4885	99
4886	98
4887	100
4888	100
4889	99
489	96
4890	100
4891	96
4892	94
4893	100
4894	100
4895	99
4896	100
4897	100
4898	98
4899	100
49	98
490	99
4900	99
4901	99
4902	100
4903	100
4904	100
4905	100
4906	99
4907	99
4908	100
4909	100
491	99
4910	99
4911	95
4912	100
4913	100
4914	100
4915	96
4916	99
4917	100
4918	99
4919	100
492	100
4920	100
4921	100
4922	100
4923	99
4924	100
4925	100
4926	100
4927	98
4928	97
4929	100
493	97
4930	98
4931	100
4932	100
4933	100
4934	100
4935	99
4936	99
4937	99
4938	100
4939	100
494	100
4940	97
4941	99
4942	100
4943	96
4944	99
4945	98
4946	100
4947	100
4948	100
4949	99
495	98
4950	100
4951	98
4952	99
4953	91
4954	99
4955	100
4956	100
4957	100
4958	100
4959	98
496	98
4960	99
4961	100
4962	98
4963	99
4964	100
4965	98
4966	100
4967	98
4968	100
4969	100
497	100
4970	99
4971	97
4972	97
4973	99
4974	100
4975	100
4976	99
4977	99
4978	100
4979	99
498	100
4980	100
4981	97
4982	99
4983	100
4984	100
4985	100
4986	100
4987	100
4988	99
4989	100
499	98
4990	96
4991	100
4992	100
4993	97
4994	100
4995	100
4996	100
4997	100
4998	99
4999	99
5	99
50	100
500	100
5000	100
5001	97
5002	97
5003	98
5004	100
5005	94
5006	97
5007	100
5008	100
5009	100
501	100
5010	99
5011	100
5012	97
5013	100
5014	100
5015	100
5016	99
5017	100
5018	95
5019	98
502	98
5020	100
5021	97
5022	99
5023	98
5024	100
5025	99
5026	99
5027	98
5028	100
5029	99
503	100
5030	99
5031	100
5032	99
5033	97
5034	99
5035	99
5036	99
5037	100
5038	99
5039	100
504	99
5040	99
5041	100
5042	96
5043	100
5044	100
5045	99
5046	94
5047	100
5048	96
5049	100
505	100
5050	99
5051	100
5052	97
5053	100
5054	100
5055	99
5056	99
5057	100
5058	100
5059	99
506	99
5060	99
5061	100
5062	100
5063	100
5064	100
5065	100
5066	100
5067	99
5068	99
5069	99
507	99
5070	99
5071	100
5072	98
5073	99
5074	100
5075	96
5076	99
5077	98
5078	100
5079	99
508	98
5080	91
5081	99
5082	98
5083	96
5084	99
5085	94
5086	100
5087	99
5088	100
5089	100
509	100
5090	99
5091	100
5092	100
5093	100
5094	97
5095	98
5096	98
5097	98
5098	97
5099	98
51	100
510	100
5100	96
5101	99
5102	99
5103	97
5104	100
5105	97
5106	100
5107	100
5108	100
5109	99
511	100
5110	100
5111	99
5112	100
5113	98
5114	100
5115	97
5116	100
5117	99
5118	100
5119	92
512	97
5120	98
5121	100
5122	99
5123	100
5124	99
5125	100
5126	100
5127	100
5128	96
5129	98
513	100
5130	98
5131	100
5132	99
5133	99
5134	97
5135	100
5136	99
5137	97
5138	98
5139	100
514	100
5140	100
5141	100
5142	100
5143	100
5144	98
5145	96
5146	97
5147	100
5148	99
5149	98
515	98
5150	100
5151	99
5152	99
5153	100
5154	99
5155	100
5156	94
5157	98
5158	94
5159	98
516	100
5160	99
5161	100
5162	99
5163	99
5164	100
5165	100
5166	97
5167	97
5168	97
5169	100
517	100
5170	97
5171	99
5172	100
5173	99
5174	96
5175	98
5176	100
5177	100
5178	97
5179	95
518	100
5180	97
5181	97
5182	95
5183	99
5184	100
5185	96
5186	100
5187	100
5188	100
5189	93
519	98
5190	100
5191	99
5192	100
5193	100
5194	98
5195	93
5196	100
5197	100
5198	100
5199	100
52	96
520	100
5200	99
5201	100
5202	99
5203	100
5204	99
5205	100
5206	100
5207	99
5208	100
5209	97
521	98
5210	100
5211	99
5212	100
5213	97
5214	100
5215	100
5216	100
5217	99
5218	100
5219	99
522	99
5220	96
5221	100
5222	100
5223	100
5224	100
5225	98
5226	96
5227	98
5228	92
5229	99
523	100
5230	99
5231	100
5232	98
5233	96
5234	100
5235	99
5236	100
5237	100
5238	99
5239	100
524	95
5240	99
5241	98
5242	100
5243	99
5244	96
5245	95
5246	100
5247	100
5248	100
5249	100
525	98
5250	100
5251	99
5252	99
5253	100
5254	100
5255	98
5256	99
5257	95
5258	97
5259	100
526	98
5260	98
5261	100
5262	100
5263	100
5264	99
5265	100
5266	97
5267	99
5268	100
5269	98
527	100
5270	97
5271	99
5272	100
5273	98
5274	100
5275	100
5276	100
5277	96
5278	98
5279	98
528	100
5280	99
529	99
53	98
530	98
531	98
532	100
533	97
534	99
535	99
536	97
537	99
538	98
539	99
54	100
540	99
541	100
542	99
543	100
544	98
545	100
546	100
547	99
548	98
549	99
55	100
550	100
551	99
552	97
553	100
554	95
555	100
556	100
557	98
558	100
559	100
56	100
560	97
561	98
562	100
563	100
564	98
565	98
566	99
567	99
568	100
569	100
57	96
570	100
571	98
572	90
573	100
574	100
575	98
576	99
577	100
578	100
579	98
58	100
580	99
581	100
582	97
583	95
584	99
585	100
586	97
587	100
588	99
589	100
59	100
590	97
591	100
592	100
593	100
594	100
595	96
596	100
597	100
598	100
599	99
6	100
60	98
600	99
601	99
602	94
603	99
604	100
605	99
606	99
607	99
608	97
609	100
61	98
610	99
611	99
612	100
613	99
614	100
615	97
616	100
617	99
618	99
619	99
62	98
620	100
621	96
622	97
623	95
624	100
625	100
626	97
627	98
628	99
629	100
63	99
630	100
631	99
632	99
633	97
634	96
635	99
636	98
637	100
638	99
639	100
64	100
640	100
641	100
642	100
643	100
644	97
645	99
646	100
647	100
648	100
649	100
65	100
650	100
651	100
652	100
653	100
654	100
655	94
656	95
657	100
658	100
659	100
66	100
660	100
661	96
662	99
663	99
664	98
665	99
666	100
667	99
668	94
669	98
67	98
670	100
671	100
672	97
673	100
674	99
675	100
676	100
677	94
678	98
679	97
68	99
680	99
681	96
682	100
683	98
684	97
685	99
686	97
687	100
688	100
689	100
69	100
690	100
691	100
692	99
693	100
694	95
695	100
696	100
697	100
698	99
699	100
7	99
70	97
700	100
701	98
702	97
703	97
704	98
705	97
706	100
707	98
708	97
709	99
71	100
710	97
711	100
712	100
713	100
714	100
715	100
716	100
717	99
718	100
719	99
72	100
720	96
721	91
722	100
723	98
724	98
725	99
726	96
727	99
728	100
729	100
73	100
730	99
731	97
732	99
733	99
734	100
735	100
736	97
737	99
738	97
739	98
74	99
740	96
741	99
742	98
743	100
744	98
745	100
746	100
747	97
748	100
749	98
75	100
750	100
751	100
752	100
753	99
754	100
755	97
756	100
757	100
758	99
759	100
76	97
760	100
761	99
762	99
763	98
764	100
765	96
766	100
767	98
768	97
769	99
77	100
770	100
771	99
772	100
773	99
774	100
775	99
776	99
777	99
778	100
779	100
78	100
780	99
781	100
782	100
783	100
784	98
785	95
786	96
787	99
788	94
789	98
79	98
790	100
791	99
792	100
793	99
794	94
795	98
796	99
797	100
798	99
799	100
8	94
80	97
800	100
801	100
802	99
803	99
804	100
805	99
806	98
807	98
808	100
809	97
81	99
810	98
811	100
812	99
813	98
814	100
815	100
816	100
817	98
818	97
819	99
82	98
820	98
821	98
822	98
823	99
824	100
825	95
826	99
827	98
828	99
829	100
83	96
830	99
831	99
832	97
833	97
834	99
835	99
836	99
837	98
838	93
839	100
84	100
840	100
841	95
842	100
843	100
844	100
845	99
846	96
847	98
848	96
849	100
85	100
850	99
851	100
852	99
853	99
854	100
855	93
856	99
857	99
858	99
859	99
86	100
860	97
861	100
862	98
863	99
864	100
865	95
866	100
867	100
868	99
869	96
87	100
870	99
871	100
872	100
873	94
874	98
875	98
876	100
877	99
878	99
879	97
88	99
880	100
881	100
882	99
883	98
884	99
885	100
886	99
887	97
888	100
889	99
89	99
890	99
891	99
892	98
893	100
894	99
895	100
896	99
897	100
898	100
899	100
9	99
90	99
900	99
901	100
902	100
903	100
904	100
905	100
906	100
907	93
908	98
909	99
91	99
910	100
911	99
912	98
913	100
914	96
915	100
916	100
917	99
918	100
919	98
92	99
920	99
921	99
922	100
923	100
924	97
925	100
926	100
927	98
928	100
929	96
93	99
930	100
931	100
932	99
933	100
934	98
935	100
936	100
937	100
938	100
939	100
94	99
940	98
941	99
942	98
943	100
944	99
945	100
946	100
947	99
948	100
949	100
95	100
950	99
951	97
952	95
953	98
954	99
955	100
956	100
957	99
958	100
959	99
96	100
960	98
961	96
962	100
963	99
964	100
965	100
966	98
967	100
968	99
969	99
97	99
970	99
971	99
972	97
973	100
974	98
975	99
976	100
977	100
978	99
979	99
98	99
980	100
981	98
982	98
983	99
984	98
985	99
986	100
987	99
988	99
989	99
99	99
990	100
991	98
992	100
993	98
994	100
995	99
996	100
997	99
998	100
999	100
