Id,Title,Year,Runtime,Country,imdbRating,imdbVotes,Budget,Gross,WinsNoms,IsGoodRating
13,Alone in the Dark,2005,96,"Canada, Germany, USA",2.3,37613,20000000,8178569,9,0
38,Boogeyman,2005,89,"USA, New Zealand, Germany",4.1,25931,20000000,67192859,0,0
52,Constantine,2005,121,"USA, Germany",6.9,236091,75000000,221594911,11,1
62,Diary of a Mad Black Woman,2005,116,USA,5.6,10462,5500000,50458356,26,0
83,Fever Pitch,2005,104,"USA, Germany",6.2,36198,40000000,50071069,9,1
86,Forty Shades of Blue,2005,108,USA,6,1135,1500000,172569,3,1
94,Guess Who,2005,105,USA,5.9,33846,35000000,102115888,16,1
103,Hide and Seek,2005,101,"USA, Germany",5.9,70185,25000000,123696741,6,0
105,Hitch,2005,118,USA,6.6,244830,55000000,366784257,28,1
108,House of Wax,2005,108,"Australia, USA",5.3,94338,35000000,70064800,15,0
153,Monster-in-Law,2005,101,"Germany, USA",5.5,43005,45000000,155931301,11,0
247,Wolf Creek,2005,99,Australia,6.3,55818,1100000,29005064,27,1
265,50 First Dates,2004,99,USA,6.8,264192,75000000,196324496,15,1
285,Against the Ropes,2004,111,"USA, Germany",5.3,5890,39000000,6429865,0,0
294,Alfie,2004,103,"UK, USA",6.2,43411,40000000,35195939,13,1
301,Along Came Polly,2004,90,USA,5.9,106798,42000000,173044410,9,0
315,Anacondas: The Hunt for the Blood Orchid,2004,97,USA,4.6,22226,25000000,70326393,1,0
361,Before Sunset,2004,80,USA,8,168562,20000000,11293790,37,1
378,Birth,2004,100,"USA, UK, Germany, France",6.1,29625,20000000,14603001,19,1
396,Bobby Jones: Stroke of Genius,2004,120,USA,6.7,3199,17000000,2694071,1,0
408,Breakin' All the Rules,2004,85,USA,5.5,4251,9000000,12512317,6,0
490,Club Dread,2004,104,USA,5.6,23731,8500000,7573551,0,0
549,Dawn of the Dead,2004,101,"USA, Canada, Japan, France",7.4,194266,28000000,103452875,17,1
610,Drive Me Crazy,1999,91,USA,5.7,14899,8000000,22591451,1,0
634,Employee of the Month,2006,103,USA,5.5,37721,10000000,38364855,2,0
647,Eternal Sunshine of the Spotless Mind,2004,108,USA,8.3,664819,20000000,73135439,171,1
659,Exorcist: The Beginning,2004,114,USA,5.1,28634,78000000,43957541,4,0
733,Garden State,2004,102,USA,7.6,187696,2500000,36028802,50,1
759,Godsend,2004,102,"USA, Canada",4.8,22453,30000000,16910708,0,0
761,Going the Distance,2010,102,USA,6.3,50457,32000000,43603990,0,1
801,Hellboy,2004,122,USA,6.8,244595,60000000,99823958,25,1
878,Incident at Loch Ness,2004,94,UK,6.6,3298,1400000,56073,1,1
902,Jersey Girl,2004,102,USA,6.2,54393,35000000,37066129,7,1
966,Laws of Attraction,2004,90,"Ireland, UK, Germany",5.9,18771,32000000,29948322,2,0
990,Little Black Book,2004,111,USA,5.2,15002,30000000,21758371,1,0
1039,Meet the Fockers,2004,115,USA,6.3,210990,60000000,516567575,8,1
1263,Raise Your Voice,2004,103,USA,5.9,22611,15000000,14811980,5,0
1264,Raising Helen,2004,119,USA,6,30890,50000000,43340302,1,0
1280,Resident Evil: Apocalypse,2004,94,"Germany, France, UK, Canada, USA",6.2,151571,50000000,125168734,5,0
1330,Saw,2004,103,USA,7.7,298520,1200000,103880027,18,1
1349,Seed of Chucky,2004,87,"Romania, USA, UK",4.9,28576,29000000,24716190,7,0
1365,Shaun of the Dead,2004,99,"UK, France",8,395430,50000000,30332385,33,1
1396,Sleepover,2004,89,USA,5.3,12682,10000000,9408183,4,0
1414,Spanglish,2004,131,USA,6.5,65659,75000000,54344321,16,1
1571,Veer-Zaara,2004,192,India,7.9,34297,7000000,7017859,50,1
1607,Welcome to Mooseport,2004,110,"USA, Germany",5.2,10617,26000000,14469428,0,0
1621,Wicker Park,2004,114,USA,7,44916,30000000,21601257,1,0
1625,Wimbledon,2004,98,"UK, France, USA",6.3,51836,35000000,41666476,1,1
1626,Win a Date with Tad Hamilton!,2004,95,USA,5.6,22878,24000000,16980098,8,1
1708,Alex & Emma,2003,96,USA,5.6,11515,30000000,15358583,1,0
1717,All the Real Girls,2003,108,USA,6.9,9241,1000000,703020,14,1
1723,American Wedding,2003,96,"USA, Germany",6.3,162158,55000000,126425115,9,1
1738,Anything Else,2003,108,"USA, France, UK",6.4,25129,18000000,13203044,0,1
1801,Beyond Borders,2003,127,"USA, Germany",6.5,22552,60000000,11427090,2,0
1902,Chasing Papi,2003,80,USA,4.8,3415,9000000,12657377,1,0
1983,Darkness Falls,2003,86,"USA, Australia",4.9,25841,7000000,47289758,3,0
2043,Dreamcatcher,2003,134,USA,5.5,75441,68000000,75685268,4,0
2114,Final Destination 2,2003,90,"USA, Canada",6.2,120780,26000000,90396664,4,0
2150,From Justin to Kelly,2003,81,USA,2.1,23601,12000000,4922166,17,0
2211,Gothika,2003,98,USA,5.8,89384,40000000,141484812,10,0
2213,Grace,2009,84,"USA, Canada",5.2,6729,5000000,8297,7,1
2214,Graduation Day,1981,96,USA,4.5,1870,250000,23894000,0,1
2270,Honey,2003,94,USA,5.3,36623,18000000,62646763,8,0
2275,Hope Springs,2012,100,USA,6.3,34343,30000000,133085295,6,1
2285,How to Deal,2003,101,USA,5.7,8206,16000000,14108518,0,0
2286,How to Lose a Guy in 10 Days,2003,116,"USA, Germany",6.4,157096,50000000,178890782,9,0
2332,Intolerable Cruelty,2003,100,USA,6.3,76425,60000000,121327628,3,1
2348,Jeepers Creepers II,2003,104,USA,5.6,45206,25000000,119923801,5,0
2466,Love Actually,2003,135,"UK, USA, France",7.7,318320,45000000,247967903,38,1
2580,My Boss's Daughter,2003,86,USA,4.6,24067,14000000,15549702,4,0
2672,Open Range,2003,139,USA,7.5,54070,26000000,68613992,5,1
2682,Ouija,2014,89,USA,4.4,31793,5000000,103590271,1,0
2872,Sex Drive,2008,109,USA,6.5,72709,19000000,10412485,0,1
2926,Something's Gotta Give,2003,128,USA,6.7,90966,80000000,266685242,20,1
3017,The Texas Chainsaw Massacre: The Beginning,2006,91,USA,5.9,56154,16000000,50517763,5,0
3095,Under the Tuscan Sun,2003,113,"USA, Italy",6.7,35659,18000000,57490024,5,1
3133,What Women Want,2000,127,USA,6.4,158488,65000000,374105123,13,1
3162,Willard,2003,100,"Canada, USA",6.2,15104,20000000,6882696,5,1
3221,40 Days and 40 Nights,2002,96,"USA, UK, France",5.6,62185,17000000,95092667,3,0
3233,About a Boy,2002,101,"UK, USA, France, Germany",7.1,143919,27000000,130759651,40,1
3389,Blue Crush,2002,104,"USA, Germany",5.6,26046,30000000,51618420,8,0
3416,Brown Sugar,2002,109,USA,6.5,5963,8000000,28315272,20,1
3596,Drumline,2002,118,USA,5.7,28647,20000000,56398162,12,1
3611,Eight Legged Freaks,2002,99,USA,5.4,43717,30000000,36722311,1,1
3700,Frida,2002,123,"USA, Canada, Mexico",7.4,61488,12000000,56131239,58,1
3708,Full Frontal,2002,101,USA,4.7,8645,2000000,3438804,1,1
3727,Ghost Ship,2002,91,"USA, Australia",5.5,75785,20000000,68349884,1,0
3759,Halloween: Resurrection,2002,94,USA,4.1,26887,15000000,37659652,1,0
3790,Hollywood Ending,2002,112,USA,6.6,21598,16000000,14839383,1,1
3886,Juwanna Mann,2002,91,USA,4.5,5315,15600000,13771817,1,0
4007,Maid in Manhattan,2002,105,USA,5.1,68316,55000000,163838217,8,1
4041,Men with Brooms,2002,102,Canada,6,3707,7500000,4239767,10,1
4064,Moonlight Mile,2002,117,USA,6.7,12001,21000000,6830957,7,1
4074,Mr. Deeds,2002,96,USA,5.8,110306,50000000,171269535,11,0
4088,My Big Fat Greek Wedding,2002,95,"USA, Canada",6.6,101911,5000000,374890034,48,1
4245,Punch-Drunk Love,2002,95,USA,7.3,109852,25000000,24591031,49,1
4251,Queen of the Damned,2002,101,"USA, Australia",5.2,44014,35000000,30307804,7,0
4293,Resident Evil,2002,100,"UK, Germany, France, USA",6.7,198632,35000000,103787401,6,0
4374,Secretary,2002,104,USA,7.1,67908,4000000,9413956,41,1
4382,Serving Sara,2002,99,"Germany, USA",5.3,14350,29000000,20146150,0,0
4418,Slackers,2002,86,"Canada, USA",5.3,12426,11000000,4814244,0,0
4432,Solaris,2002,99,USA,6.2,67494,47000000,14970038,13,1
4493,Sunshine State,2002,141,USA,6.9,3426,5600000,3281898,10,1
4501,Sweet Home Alabama,2002,108,USA,6.1,83759,38000000,182365114,9,1
4503,Swept Away,2002,89,"UK, Italy",3.6,13164,10000000,598645,13,0
4584,Tuck Everlasting,2002,90,USA,6.7,17977,15000000,19344615,4,1
4591,Two Weeks Notice,2002,101,"USA, Australia",6.1,85533,60000000,199043309,4,1
4793,America's Sweethearts,2001,102,USA,5.7,47523,46000000,160648493,2,0
4848,Baby Boy,2001,130,USA,6.4,9586,16000000,28734552,15,1
4924,Bound,1996,108,USA,7.4,41078,4500000,7011317,18,1
4933,Bridget Jones's Diary,2001,97,"UK, France, USA, Ireland",6.7,171850,25000000,281527158,38,1
4940,Bubble Boy,2001,84,USA,5.6,25502,13000000,5002310,1,0
4960,Captain Corelli's Mandolin,2001,131,"UK, France, USA",5.9,28131,57000000,62097495,7,0
5040,Dark Water,2005,105,USA,5.5,44915,60000000,49473093,5,1
5183,Final Destination,2000,98,"USA, Canada",6.7,180662,23000000,112036870,6,0
5214,From Hell,2001,122,USA,6.8,124630,35000000,68712365,9,1
5241,Get Over It,2001,87,USA,5.8,15535,10000000,19860259,4,0
5253,Glitter,2001,104,USA,2.1,19309,8500000,4273372,13,0
5300,Head Over Heels,2001,86,USA,5.3,11624,14000000,10397365,0,0
5301,Heartbreakers,2001,123,USA,6.2,44154,38000000,57753825,4,1
5414,Jeepers Creepers,2001,90,"Germany, USA",6.1,87034,10000000,58939035,9,1
5613,Metropolitan,1990,98,USA,7.5,6998,430000,2938000,13,1
5732,On the Line,2001,85,USA,4.1,3661,10000000,4690802,4,0
5749,Original Sin,2001,116,"France, USA",6,44875,26000000,16521410,2,0
5751,Orphan,2009,123,"USA, Canada, Germany",7,141082,20000000,78769428,7,1
5902,Saving Silverman,2001,90,"USA, Australia",5.9,33286,22000000,25873142,0,0
5903,Say It Isn't So,2001,95,USA,4.9,11267,25000000,5516708,1,0
5929,Serendipity,2001,90,USA,6.9,85296,28000000,77477297,3,1
5931,Session 9,2001,97,USA,6.5,43771,1500000,1619602,3,1
5987,Soul Survivors,2001,84,USA,3.9,7276,14000000,4288246,0,0
6037,Summer Catch,2001,108,USA,4.9,12981,17000000,19693891,1,0
6054,Sweet November,2001,119,USA,6.7,70301,40000000,65754228,3,0
6114,Town & Country,2001,104,USA,4.4,4102,105000000,10364769,6,0
6144,Two Can Play That Game,2001,90,USA,6.1,4334,13000000,22391450,7,0
6164,Valentine,2001,96,USA,4.7,20455,10000000,20384136,1,0
6167,Vanilla Sky,2001,136,"USA, Spain",6.9,206599,70000000,202726605,38,1
6300,Piranha 3D,2010,88,"USA, Canada, Netherlands",5.5,72642,24000000,83660160,14,1
6333,All the Pretty Horses,2000,116,USA,5.8,11383,45000000,18120267,15,0
6385,Autumn in New York,2000,103,USA,5.5,20204,40000000,90717684,3,0
6413,Beautiful Creatures,2013,124,USA,6.2,67648,50000000,60282876,9,1
6417,Bedazzled,2000,93,"USA, Germany",6,81910,48000000,90376224,4,1
6422,My Best Friend's Wedding,1997,105,USA,6.3,98117,46000000,298923419,35,1
6446,Bless the Child,2000,107,"USA, Germany",5.1,12084,40000000,40435694,6,0
6462,Book of Shadows: Blair Witch 2,2000,90,USA,4,28916,15000000,47721314,7,0
6472,Bounce,2000,106,USA,5.7,17544,35000000,53425292,4,1
6479,Boys and Girls,2000,94,USA,5.3,13555,16000000,21799652,0,0
6528,Cast Away,2000,143,USA,7.7,394236,85000000,427230516,50,1
6570,Closer,2004,104,"USA, UK",7.3,168149,35000000,115476509,66,1
6665,Down to You,2000,91,USA,4.9,12329,9000000,20035310,4,0
6814,Gladiator,2000,155,"USA, UK",8.5,982571,103000000,457683805,159,1
6835,Gun Shy,2000,101,USA,5.7,5933,10000000,1638202,0,0
6861,Here on Earth,2000,96,USA,5.1,7410,15000000,10845127,2,0
6877,Hollow Man,2000,112,"USA, Germany",5.7,101269,90000000,191200000,17,0
6887,Housebound,2014,107,New Zealand,6.8,23274,1500000,236863,25,1
6894,I Dreamed of Africa,2000,114,USA,5.6,3740,34000000,6543194,2,0
6926,Isn't She Great,2000,95,"USA, UK, Germany, Japan",5.3,1984,36000000,2954405,2,0
6973,Keeping the Faith,2000,128,USA,6.4,44781,29000000,45336404,7,1
7038,Loser,2000,98,USA,5.3,23094,20000000,18250106,1,0
7044,Lost Souls,2000,97,USA,4.8,9348,28000000,31320293,2,0
7065,Luminarias,2000,100,USA,3.6,504,1000000,428535,6,1
7183,Nutty Professor II: The Klumps,2000,106,USA,4.3,39365,84000000,166307945,14,0
7255,Pitch Black,2000,109,USA,7.1,194091,23000000,53182088,6,1
7328,Return to Me,2000,115,USA,6.9,16340,24000000,32662299,3,1
7381,Scream 3,2000,116,USA,5.5,98447,40000000,161838076,10,1
7613,Urban Legends: Final Cut,2000,97,"USA, France",4.1,13062,15000000,38574362,2,0
7651,What Lies Beneath,2000,130,USA,6.6,98370,90000000,288693989,10,1
7659,Where the Heart Is,2000,120,USA,6.8,27086,15000000,40862054,3,0
7661,Whipped,2000,82,USA,4.4,3655,3000000,4142507,1,0
7670,Woman on Top,2000,92,USA,5.3,8411,8000000,10192613,2,0
7702,200 Cigarettes,1999,101,USA,5.9,12936,6000000,6852450,2,0
7759,Anna and the King,1999,148,USA,6.7,31074,75000000,39251128,14,1
7773,At First Sight,1999,128,USA,5.9,11222,40000000,22365133,0,1
7840,Blast from the Past,1999,112,USA,6.6,48128,35000000,26613620,1,1
7956,Creature,2011,93,USA,3.7,2486,3000000,331000,1,0
7961,Cruel Intentions,1999,97,USA,6.9,148896,11000000,75803716,20,1
8002,Deuce Bigalow: Male Gigolo,1999,88,USA,5.7,59360,18000000,92935067,2,0
8036,Dreaming of Joseph Lees,1999,92,"USA, UK",6.4,700,3250000,7680,4,1
8042,Dudley Do-Right,1999,77,USA,3.8,8117,22000000,9818792,0,0
8067,End of Days,1999,121,USA,5.7,89609,100000000,212026975,8,0
8071,Entrapment,1999,113,"USA, UK, Germany",6.2,88156,66000000,211700000,10,1
8128,For Love of the Game,1999,137,USA,6.5,26006,50000000,46112640,7,1
8202,"Happy, Texas",1999,98,USA,6.3,8706,1700000,2891228,12,1
8249,House on Haunted Hill,1999,93,USA,5.6,45308,19000000,65090541,3,0
8270,Idle Hands,1999,92,USA,6.2,33798,15000000,4023741,2,0
8355,Lake Placid,1999,82,USA,5.6,42779,27000000,31770413,0,0
8401,Love Happens,2009,109,"USA, Canada, UK",5.6,25376,18000000,36133014,1,0
8426,Mama,2013,100,"Canada, Spain",6.2,135007,15000000,148095566,28,1
8463,Message in a Bottle,1999,131,USA,6.1,28904,30000000,52880016,6,1
8466,Mickey Blue Eyes,1999,102,"UK, USA",5.8,29930,40000000,53864342,0,1
8478,Molly,1999,102,USA,5.8,2294,21000000,17396,0,0
8545,Notting Hill,1999,124,"UK, USA",7,203171,42000000,363728226,29,1
8586,Outside Providence,1999,96,USA,6.4,7733,7000000,7824358,1,1
8650,Pushing Tin,1999,124,"USA, Germany",6,24810,33000000,8408835,2,1
8662,Random Hearts,1999,133,USA,5.1,17014,64000000,63200000,0,0
8669,Ravenous,1999,101,"Czech Republic, UK, USA",7.1,29971,12000000,2062406,5,1
8707,Runaway Bride,1999,116,USA,5.5,74153,70000000,310138178,15,1
8770,She's All That,1999,95,USA,5.8,67014,10000000,63465522,13,0
8795,Sleepy Hollow,1999,105,"USA, Germany",7.4,266129,70000000,207068340,63,1
8845,Stigmata,1999,103,USA,6.2,54389,32000000,89441732,6,0
8875,Superstar,1999,81,USA,5,14939,14000000,30628981,2,0
8913,Three to Tango,1999,98,"Australia, USA",6.1,16359,20000000,10570375,0,0
8999,Varsity Blues,1999,106,USA,6.4,34988,16000000,54294169,7,0
9046,Wolves,2014,91,"France, Canada",5.3,5673,18000000,20000000,0,0
9072,eXistenZ,1999,97,"Canada, UK",6.8,77319,20700000,2840417,10,1
9147,Arthur,2011,110,USA,5.7,45553,40000000,47787943,8,0
9188,Beloved,1998,172,USA,5.9,6050,53000000,22852487,27,1
9213,Blade,1998,120,USA,7.1,191207,45000000,131237688,12,1
9244,Bride of Chucky,1998,89,"Canada, USA",5.3,39742,25000000,50692188,8,1
9257,Bulworth,1998,108,USA,6.8,22002,30000000,29203383,19,1
9267,Can't Hardly Wait,1998,100,USA,6.5,37917,10000000,25358996,2,1
9367,Deep Rising,1998,106,"USA, Canada",6,26591,45000000,11203026,1,0
9393,Disturbing Behavior,1998,84,"Australia, USA, Canada",5.5,17304,15000000,17507368,2,0
9438,Ever After: A Cinderella Story,1998,121,USA,7,57438,26000000,65705772,21,1
9594,Home Fries,1998,91,USA,5,7124,15000000,10513979,0,0
9600,Hope Floats,1998,114,USA,5.9,18973,30000000,81529000,12,0
9607,How Stella Got Her Groove Back,1998,124,USA,5.5,5411,20000000,37672944,12,1
9617,I Still Know What You Did Last Summer,1998,100,USA,4.6,55533,24000000,40020622,11,0
9728,Living Out Loud,1998,100,USA,6.6,4038,12000000,12905901,5,1
9773,Meet Joe Black,1998,178,USA,7.1,168953,85000000,44650003,8,1
9852,No Looking Back,1998,96,USA,5.9,1731,5000000,143273,0,1
9885,Out of Sight,1998,123,USA,7,71778,48000000,77562568,27,1
9984,Restless,2011,91,USA,6.8,15016,8000000,2818394,1,0
10223,Twilight,2008,122,USA,5.2,348026,37000000,402280159,40,1
10238,Urban Legend,1998,99,"USA, France",5.5,47702,14000000,72571864,2,0
10241,Vampires,1998,108,"USA, Japan",6.1,42633,20000000,20268825,8,1
10273,What Dreams May Come,1998,113,"USA, New Zealand",7,83430,80000000,71485043,9,1
10298,Woo,1998,84,USA,3.8,1522,13000000,8064972,0,0
10308,You've Got Mail,1998,119,USA,6.5,151528,65000000,250800000,13,1
10354,Adam,2009,99,USA,7.2,29127,3200000,2828590,4,1
10371,Alien: Resurrection,1997,109,USA,6.3,169778,60000000,160700000,24,1
10387,Anaconda,1997,89,"USA, Brazil, Peru",4.6,73633,45000000,136998907,16,0
10393,Anna Karenina,2012,129,UK,6.6,70857,49000000,71004627,81,1
10524,Chasing Amy,1997,113,USA,7.3,113841,250000,15155095,21,1
10656,Event Horizon,1997,96,"UK, USA",6.7,120219,60000000,26673242,2,0
10691,First Daughter,2004,106,USA,4.9,16992,30000000,10419084,0,0
10802,I Know What You Did Last Summer,1997,101,USA,5.6,105368,17000000,125250091,10,1
10863,Killers,2010,100,USA,5.4,72826,75000000,95572749,5,0
10908,Liar Liar,1997,86,USA,6.8,220065,45000000,302710615,10,1
10935,Love Jones,1997,104,USA,7.4,2793,10000000,12554569,9,1
11067,No Strings Attached,2011,108,USA,6.2,168529,25000000,149228078,8,1
11093,Oscar and Lucinda,1997,132,"USA, Australia, UK",6.7,5619,12500000,1612957,18,1
11149,Prefontaine,1997,106,USA,6.8,5675,8000000,590817,0,1
11224,Scream 2,1997,120,USA,6.1,124833,24000000,101363301,16,1
11282,Spawn,1997,96,USA,5.2,52792,40000000,87949859,6,0
11283,Speed 2: Cruise Control,1997,121,USA,3.7,60564,110000000,150468000,8,0
11360,Titanic,1997,194,USA,7.7,791196,200000000,2207615668,194,1
11845,From Dusk Till Dawn,1996,108,USA,7.3,218721,20000000,25728961,13,1
11968,Jerry Maguire,1996,139,USA,7.3,189801,50000000,274000000,63,1
12119,Mo' Better Blues,1990,130,USA,6.5,8294,10000000,16153000,4,1
12131,Mrs. Winterbourne,1996,105,USA,6.2,5631,25000000,10039566,1,0
12133,Multiplicity,1996,117,USA,6,24765,45000000,20133326,0,1
12202,Phenomenon,1996,123,USA,6.4,63895,32000000,152036382,15,1
12290,Scream,1996,111,USA,7.2,221921,15000000,173046663,15,1
12312,She's the One,1996,96,USA,6.1,13938,3500000,13795053,2,1
12413,Thinner,1996,93,USA,5.7,19781,14000000,15171475,1,0
12424,Tin Cup,1996,135,USA,6.3,37869,45000000,75854588,3,1
12461,Up Close & Personal,1996,124,USA,6.1,11363,60000000,100645801,6,0
12482,Walking and Talking,1996,86,"UK, USA, Germany",6.8,2593,1000000,1615787,7,1
12526,Twilight Zone: The Movie,1983,101,USA,6.5,25684,10000000,29500000,9,1
12600,Before Sunrise,1995,105,"USA, Austria, Switzerland",8.1,183000,25000000,5677093,8,1
12634,Boomerang,1992,117,USA,5.4,20162,42000000,131052444,5,0
12747,Tales from the Crypt: Demon Knight,1995,92,USA,6.7,16624,12000000,21089146,1,0
12827,First Knight,1995,134,"USA, UK",5.9,55310,75000000,127361412,0,1
12882,Halloween: The Curse of Michael Myers,1995,87,USA,4.9,20850,5000000,15126948,2,0
12906,Home for the Holidays,1995,103,USA,6.6,9110,20000000,22119269,2,1
13039,Mallrats,1995,94,USA,7.2,98934,6100000,2108367,0,1
13041,Man of the Year,2006,115,USA,6.2,27890,20000000,41342180,1,0
13307,Species,1995,108,USA,5.8,61030,35000000,113354449,9,0
13336,Tales from the Hood,1995,98,USA,6.1,4528,6000000,11784569,0,0
13392,Vampire in Brooklyn,1995,100,USA,4.5,17296,14000000,19637147,0,0
13582,Brainstorm,1983,106,USA,6.5,8445,15000000,8921050,8,1
13759,Four Weddings and a Funeral,1994,117,UK,7.1,107843,4500000,242895809,45,1
13855,Interview with the Vampire: The Vampire Chronicles,1994,123,USA,7.6,239486,50000000,223564608,41,1
14094,Priest,2011,87,USA,5.7,97020,60000000,84154026,3,0
14654,Groundhog Day,1993,101,USA,8.1,437177,14600000,70906973,14,1
14717,Jason Goes to Hell: The Final Friday,1993,87,USA,4.3,19320,3000000,15935068,3,0
14827,Much Ado About Nothing,1993,111,"UK, USA",7.4,37254,8000000,22549338,14,1
14887,Poetic Justice,1993,109,USA,5.9,8884,14000000,27450453,9,0
14940,Ruby in Paradise,1993,114,USA,7.2,2032,800000,1001437,10,1
14962,Sex and the City,2008,145,USA,5.5,98389,57500000,415247258,13,1
15015,Supernova,2000,90,"USA, Switzerland",4.8,14577,60000000,14218868,0,0
15499,Medicine Man,1992,106,USA,6,17443,40000000,44948240,1,0
15501,Memoirs of an Invisible Man,1992,99,"USA, France",5.9,17346,40000000,14358033,5,0
15776,Ultraviolet,2006,88,USA,4.4,70299,30000000,30962112,2,0
16066,Freddy's Dead: The Final Nightmare,1991,89,USA,4.9,30743,5000000,34872033,4,0
16336,Return to the Blue Lagoon,1991,102,USA,5.1,14132,11000000,2000000,6,0
16515,Arachnophobia,1990,103,USA,6.3,50439,31000000,53208180,7,1
16598,Child's Play 2,1990,84,USA,5.7,31338,13000000,34166572,1,0
16684,Edward Scissorhands,1990,105,USA,7.9,357038,20000000,53976987,22,1
16710,Flatliners,1990,115,USA,6.5,62105,26000000,61308153,3,1
16724,Ghost,1990,127,USA,7,154075,22000000,517600000,40,1
16736,Gremlins 2: The New Batch,1990,106,USA,6.3,68192,50000000,41476097,6,1
16966,Predator 2,1990,108,USA,6.2,105793,35000000,54768418,5,0
16968,Pretty Woman,1990,119,USA,6.9,213275,14000000,432645872,19,1
17104,Tremors,1990,96,USA,7.1,89905,10000000,16667084,5,1
17220,Australia,2008,165,"Australia, USA, UK",6.6,102343,130000000,215080810,45,1
17430,Friday the 13th Part VIII: Jason Takes Manhattan,1989,100,"USA, Canada",4.5,23003,5000000,14343976,2,0
17434,It's Kind of a Funny Story,2010,101,USA,7.2,105914,8000000,6632950,2,1
17635,New York Stories,1989,124,USA,6.4,13594,15000000,10763469,1,1
17686,Pet Sematary,1989,103,USA,6.6,63840,11500000,57469179,6,1
17718,Red Riding Hood,2011,100,"USA, Canada",5.4,91007,42000000,91678442,5,0
18025,Child's Play,1988,87,USA,6.5,61913,9000000,44196684,5,1
18144,Friday the 13th Part VII: The New Blood,1988,88,USA,5.3,21325,2800000,19170001,4,0
18173,Halloween 4: The Return of Michael Myers,1988,88,USA,5.9,29195,5000000,17768757,2,0
18246,Lady in White,1988,112,USA,6.7,4696,4700000,1705139,5,1
18315,My Stepmother Is an Alien,1988,105,USA,5.2,21080,16000000,13854000,4,0
18316,Mystic Pizza,1988,104,USA,6.2,18320,6000000,12793213,5,1
18357,Phantasm II,1988,97,USA,6.5,9503,3000000,7000000,2,0
18370,Poltergeist III,1988,98,USA,4.5,13166,9500000,14114000,2,0
18383,Pulse,2006,90,USA,4.7,24971,20500000,30241435,1,0
18504,They Live,1988,93,USA,7.3,73494,4000000,13000000,3,1
18711,Creepshow 2,1987,92,USA,6,15975,3500000,14000000,1,0
18785,Evil Dead II,1987,84,USA,7.8,113371,3500000,5923044,5,1
18792,Fatal Attraction,1987,119,USA,6.9,55017,14000000,320100000,29,1
18849,Hellraiser,1987,94,UK,7,76399,1000000,14564000,7,1
18963,Maurice,1987,140,UK,7.8,10786,2600000,3130592,5,1
19060,Predator,1987,107,USA,7.8,290318,18000000,98267558,8,1
19159,Stranded,2013,84,"Canada, UK",3.5,3344,1900000,285593,0,0
19524,Invaders from Mars,1986,100,USA,5.5,5208,12000000,4984663,2,0
19565,Legal Eagles,1986,116,USA,5.9,7778,40000000,49851591,1,1
19573,Little Shop of Horrors,1986,94,USA,6.9,49349,30000000,38747385,15,1
19735,She's Gotta Have It,1986,84,USA,6.5,4649,175000,7137502,4,1
19793,Top Gun,1986,110,USA,6.9,218871,15000000,356800601,16,1
20030,Fright Night,2011,106,USA,6.4,84986,30000000,40520649,9,1
20115,Lifeforce,1985,116,"UK, USA",6.1,15531,25000000,11603545,3,1
20139,Mata Hari,1931,89,USA,6.7,2422,558000,900000,0,1
20197,Out of Africa,1985,161,"USA, UK",7.2,52254,31000000,258210860,57,1
20297,Silver Bullet,1985,95,"USA, Netherlands",6.3,16508,7000000,10803211,1,1
20397,Witness,1985,112,USA,7.4,66968,12000000,65532576,38,1
20486,C.H.U.D.,1984,88,USA,5.5,7544,1250000,4700000,2,0
20561,Firestarter,1984,114,USA,6,22552,15000000,15136870,2,0
20594,Gremlins,1984,106,USA,7.2,141795,11000000,148168459,13,1
20832,Splash,1984,111,USA,6.2,54549,8000000,62599495,11,1
21068,Flashdance,1983,95,USA,6.1,35125,7000000,201463574,25,0
21380,Videodrome,1983,87,Canada,7.3,60424,5952000,2120439,10,1
21415,50/50,2011,100,USA,7.7,270012,8000000,41334735,40,1
21488,By the Sea,2015,122,"USA, France",5.2,7917,20000000,3407430,1,0
21492,Cat People,1982,118,USA,6.1,14232,12500000,21000000,3,1
21515,Creepshow,1982,120,USA,6.9,29931,8000000,20036244,2,1
21827,Tootsie,1982,116,USA,7.4,77235,15000000,177200000,54,1
21844,Venom,2005,87,USA,4.7,8019,25000000,881745,0,0
21998,Endless Love,2014,104,USA,6.3,31242,20000000,34614964,1,0
22029,Friday the 13th Part 2,1981,87,USA,6.1,39589,1250000,21722776,3,0
22049,Halloween II,1981,92,USA,6.5,50830,2500000,25533818,3,0
22139,My Bloody Valentine,2009,101,USA,5.5,45569,14000000,102836002,1,1
22214,Roar,1981,102,USA,6.4,1262,17000000,2110050,0,1
22458,Dressed to Kill,1980,105,USA,7.1,23891,6500000,31899000,11,1
22650,Prom Night,2008,88,"USA, Canada",3.9,27506,18000000,57193655,4,0
22698,Somewhere in Time,1980,103,USA,7.3,21026,5100000,9709597,10,1
22724,Terror Train,1980,97,"Canada, USA",5.9,6539,3500000,8000000,5,0
22744,Tusk,2014,102,USA,5.4,30942,3000000,1821983,5,1
22756,Virus,1999,99,"USA, UK, Germany, Japan, France",4.8,21950,75000000,30626690,0,0
22785,Alien,1979,117,"UK, USA",8.5,562249,90000000,203630630,36,1
23049,Prophecy,1979,102,USA,5.4,2940,12000000,22673340,0,0
23079,Seven Pounds,2008,123,USA,7.7,232648,54000000,166617328,11,0
23152,When a Stranger Calls,2006,87,USA,5,34680,15000000,67215435,3,0
23233,Coming Home,1978,127,USA,7.3,9389,3000000,32653000,28,1
23249,Days of Heaven,1978,94,USA,8,37563,30000000,3660880,25,1
23305,Grease,1978,110,USA,7.2,169651,6000000,387513770,11,1
23343,Jaws 2,1978,116,USA,5.7,51171,20000000,208900376,0,1
23389,Mirrors,2008,110,"USA, Romania, Germany",6.2,86122,35000000,77220596,2,0
23572,Annie Hall,1977,93,USA,8.1,192521,40000000,38251425,38,1
23664,Exorcist II: The Heretic,1977,118,USA,3.7,16327,14000000,25011000,1,0
23739,Kingdom of the Spiders,1977,97,USA,5.9,3259,500000,17000000,3,1
23899,Victor Frankenstein,2015,110,"USA, UK, Canada",6,28048,40000000,33175076,4,0
24157,Network,1976,121,USA,8.1,103145,38000000,23689877,44,1
24204,Robin and Marian,1976,106,"USA, UK",6.6,8945,5000000,8000000,0,1
24233,Silent Movie,1976,87,USA,6.7,12638,4400000,36145695,6,1
24434,The Great Gatsby,2013,143,"Australia, USA",7.3,361953,190000000,351040419,119,1
24703,Benji,1974,86,USA,6.1,3403,500000,31559560,2,1
24907,Once,2007,85,Ireland,7.9,90608,150000,23344056,51,1
25678,Slither,2006,95,"Canada, USA",6.5,61853,15250000,12930343,7,1
27024,Rosemary's Baby,1968,136,USA,8,140824,32000000,33395426,22,1
27028,San Francisco,1936,115,USA,7.3,3777,1300000,5273000,8,1
27842,Doctor Zhivago,1965,197,"USA, Italy, UK",8,55790,11000000,111859493,34,1
28431,Donovan's Reef,1963,109,USA,6.9,5803,2686000,6600000,0,1
28902,Weekend,2011,97,UK,7.7,19757,190000,1577585,38,1
29758,Cat on a Hot Tin Roof,1958,108,USA,8.1,33714,30000000,17570324,18,1
30222,Just My Luck,2006,103,USA,5.3,44039,28000000,38159905,7,0
30592,Love Me Tender,1956,89,USA,6.2,2636,1000000,9000000,0,1
30710,Trapeze,1956,105,USA,6.8,3038,4000000,14400000,4,1
30728,War and Peace,1956,208,"USA, Italy",6.8,6730,6000000,12500000,18,0
31309,On the Waterfront,1954,108,USA,8.2,100508,9100000,9600000,38,1
31573,From Here to Eternity,1953,118,USA,7.8,33981,1650000,30500000,29,1
31668,Never Let Me Go,2010,103,"UK, USA",7.2,109867,15000000,11173718,33,1
32102,Singin' in the Rain,1952,103,USA,8.3,149909,25400000,7200000,14,1
32500,Strangers on a Train,1951,101,USA,8.1,96533,12000000,7000000,3,1
34281,Bewitched,2005,102,USA,4.8,58768,80000000,131159306,14,0
34474,Spellbound,1945,111,USA,7.6,32899,1500000,7000000,8,1
34610,Dark Shadows,2012,113,"USA, Australia",6.2,198694,150000000,238202668,14,1
36317,Up in the Air,2009,109,USA,7.4,270101,30000000,166842739,234,1
36714,Alexander's Ragtime Band,1938,106,USA,7,1351,2000000,4000000,7,1
38117,Top Hat,1935,101,USA,7.8,13057,609000,3202000,8,1
38284,It Happened One Night,1934,105,USA,8.2,64845,3250000,2500000,11,1
38332,The Texas Chainsaw Massacre,2003,98,USA,6.2,108659,9000000,107967319,18,0
38481,42nd Street,1933,89,USA,7.7,7911,439000,2281000,3,1
38675,Morning Glory,2010,107,USA,6.5,58849,40000000,59795070,3,1
39569,Flight,2012,138,USA,7.3,263635,31000000,160558438,59,1
39997,Leap Year,2010,100,"USA, Ireland",6.4,71157,19000000,32618920,0,0
11695,Lights Out,2016,81,USA,7,8933,5000000,110565354,0,1
11823,The Neon Demon,2016,118,"France, Denmark, USA",7,10030,7500000,2226887,4,1
11945,The Shallows,2016,86,USA,6.8,12242,13000000,84621429,1,1
12039,Me Before You,2016,110,"UK, USA",7.6,42758,20000000,182945075,2,1
12337,My Big Fat Greek Wedding 2,2016,94,"USA, Canada",6.1,13257,18000000,91651878,0,0
12438,The Perfect Match,2016,96,USA,4.4,1079,5000000,9669521,0,0
12439,10 Cloverfield Lane,2016,104,USA,7.3,121566,5000000,106582999,0,1
12784,How to Be Single,2016,110,USA,6.1,39314,37000000,99595932,0,1
13027,The Boy,2016,97,"USA, China, Canada",6,35297,10000000,68220952,0,0
13124,The Forest,2016,93,USA,4.8,20391,10000000,39803818,0,0
13880,Krampus,2015,98,USA,6.2,29384,15000000,61788393,10,1
14393,Brooklyn,2015,111,"UK, Canada, Ireland",7.5,72816,11000000,62076141,174,1
14706,Freeheld,2015,103,USA,6.5,5758,7000000,1732228,7,1
14985,The Visit,2015,94,USA,6.2,65134,5000000,98316555,11,1
15191,We Are Your Friends,2015,96,"UK, France, USA",6.1,20777,2000000,10166209,0,0
15209,The Curse of Downers Grove,2015,89,USA,4.5,1036,2000000,2000000,0,0
15211,Sinister 2,2015,97,"USA, UK",5.3,25079,10000000,54104225,0,0
15483,The Diary of a Teenage Girl,2015,102,USA,6.9,16430,2000000,2166392,46,1
15697,Paper Towns,2015,109,USA,6.4,62944,12000000,85512300,5,1
15701,The Vatican Tapes,2015,91,USA,4.5,7246,13000000,12986189,0,0
15770,Trainwreck,2015,125,"Japan, USA",6.3,93702,35000000,140561831,28,1
15847,The Gallows,2015,81,USA,4.2,13585,100000,41753881,1,0
16005,Stung,2015,87,"Germany, USA",5,3111,2500000,2500000,2,0
16287,Insidious: Chapter 3,2015,97,"Canada, USA",6.1,54134,10000000,120678444,8,1
16379,Aloha,2015,105,USA,5.4,39593,37000000,24935799,7,0
16432,Into the Grizzly Maze,2015,94,"USA, Canada",5.3,4459,10000000,10000000,0,0
16447,Area 51,2015,91,USA,4.2,7876,5000000,7556,0,0
16506,Maggie,2015,95,"USA, Switzerland",5.6,30225,4500000,597989,4,1
16626,The Age of Adaline,2015,112,"USA, Canada",7.2,93821,30000000,69057415,7,1
16902,The Longest Ride,2015,128,USA,7.1,49735,34000000,63802928,5,0
16993,The Walking Deceased,2015,88,USA,3.4,2346,2000000,2000000,0,0
17165,Accidental Love,2015,100,"USA, UK",4,4952,26000000,135436,0,0
17662,Fifty Shades of Grey,2015,125,USA,4.1,219789,40000000,570978470,27,0
18367,Top Five,2014,102,USA,6.5,21717,12000000,25514848,26,1
18634,Always Woodstock,2014,97,USA,5.3,483,2400000,2400000,0,0
18734,The Theory of Everything,2014,123,UK,7.7,264345,15000000,122147772,142,1
18833,Birdman or (The Unexpected Virtue of Ignorance),2014,119,USA,7.8,393318,18000000,103215094,269,1
18841,The Best of Me,2014,118,USA,6.7,43076,26000000,27866213,0,0
19011,Annabelle,2014,99,USA,5.4,81656,6500000,256873813,6,0
19321,"As Above, So Below",2014,93,USA,6.1,49939,5000000,41799626,2,0
19513,The Giver,2014,97,"South Africa, Canada, USA",6.5,86107,25000000,55090374,6,1
19674,And So It Goes,2014,94,USA,5.7,8855,18000000,17360801,1,0
19748,I Origins,2014,106,USA,7.3,75566,1000000,852399,5,1
19773,The Purge: Anarchy,2014,103,"USA, France",6.5,91076,9000000,111533636,5,1
19883,Deliver Us from Evil,2014,118,USA,6.2,54254,30000000,87956618,2,0
110000,Think Like a Man Too,2014,106,USA,5.7,15268,24000000,70027933,6,0
110007,The Fault in Our Stars,2014,126,USA,7.8,248648,12000000,307166834,32,1
110011,Blended,2014,117,USA,6.5,86835,45000000,127990741,11,0
110023,The Other Woman,2014,109,USA,6,104108,40000000,195111193,7,0
110025,Transcendence,2014,119,"UK, China, USA",6.3,172247,100000000,103039258,7,0
110054,About Last Night,2014,100,USA,6.1,16935,13000000,50445860,1,1
110060,That Awkward Moment,2014,94,USA,6.1,76505,8000000,53068955,3,0
110063,Devil's Due,2014,89,USA,4,13885,7000000,36146087,2,0
110071,Paranormal Activity: The Marked Ones,2014,84,USA,5,31786,5000000,86362372,2,0
110077,Heli,2013,105,"Mexico, Netherlands, Germany, France",6.8,3417,1000000,552614,39,1
110097,The Last Days on Mars,2013,98,"UK, Ireland",5.5,28551,10600000,261364,4,0
110113,About Time,2013,123,UK,7.8,201618,12000000,89177486,12,1
110132,Don Jon,2013,90,USA,6.6,190365,5500000,41268579,29,1
110138,Enough Said,2013,93,USA,7.1,49158,8000000,22850872,45,1
110140,Insidious: Chapter 2,2013,106,"USA, Canada",6.6,109016,5000000,161921515,15,0
110147,Drinking Buddies,2013,90,USA,6.1,45949,500000,407100,4,1
110150,The Mortal Instruments: City of Bones,2013,130,"USA, Germany, Canada",6,106813,60000000,75965567,16,0
110158,The Spectacular Now,2013,95,USA,7.1,105221,2500000,6916951,40,1
110161,The To Do List,2013,104,USA,5.8,29463,1500000,4128828,0,1
110167,The Conjuring,2013,112,USA,7.5,298807,20000000,318000141,35,1
110171,Fruitvale Station,2013,85,USA,7.5,53764,900000,17549645,91,1
110185,World War Z,2013,116,USA,7,463573,190000000,531514650,26,1
110190,The Purge,2013,85,"USA, France",5.6,138053,3000000,91265155,7,1
110196,Before Midnight,2013,109,"USA, Greece",7.9,94957,3000000,23376973,77,1
110204,Peeples,2013,95,USA,5.3,4060,15000000,9307166,6,0
110219,Evil Dead,2013,91,USA,6.5,124810,17000000,97778356,22,1
110221,The Host,2013,125,"USA, Switzerland",5.9,92551,50000000,64477051,3,0
110223,Admission,2013,107,USA,5.7,28571,13000000,18733666,0,1
110231,The Last Exorcism Part II,2013,88,"France, USA",4,13497,4000000,25448707,3,0
110235,Dark Skies,2013,97,USA,6.3,57391,3500000,27704111,0,0
110239,Safe Haven,2013,115,USA,6.7,77832,28000000,94050951,10,0
110248,Last Vegas,2013,105,USA,6.6,106543,28000000,112914167,5,1
110251,Parker,2013,118,USA,6.2,89901,35000000,48543388,1,0
110252,Hansel & Gretel: Witch Hunters,2013,88,"Germany, USA",6.1,159620,50000000,214949716,5,0
110260,Texas Chainsaw 3D,2013,92,USA,4.8,35040,20000000,47666013,9,0
110276,Amour,2012,127,"France, Germany, Austria",7.9,70232,9700000,36787044,178,1
110282,The Collection,2012,82,USA,6.1,36003,10000000,8890094,0,0
110286,Silver Linings Playbook,2012,122,USA,7.8,532379,21000000,236412453,232,1
110288,Jab Tak Hai Jaan,2012,176,India,6.9,42249,9200000,5797456,32,1
110299,Silent Hill: Revelation 3D,2012,95,"France, USA, Canada",5,49752,20000000,55975672,7,0
110302,Paranormal Activity 4,2012,88,USA,4.6,51079,5000000,140619520,2,0
110306,Sinister,2012,110,"USA, UK",6.8,155064,3000000,87727807,16,1
110310,Truth or Die,2012,96,UK,5.6,6514,1000000,1000000,0,0
110315,Pitch Perfect,2012,112,USA,7.2,213619,17000000,116044347,26,1
110319,House at the End of the Street,2012,101,"Canada, USA",5.6,58362,6900000,44103982,4,0
110320,The Perks of Being a Wallflower,2012,102,USA,8,350481,13000000,33069303,66,1
110328,Resident Evil: Retribution,2012,96,"Germany, Canada, USA, France",5.4,104494,65000000,238940997,7,0
110330,Bachelorette,2012,87,USA,5.3,37089,3000000,12577401,2,1
110332,The Words,2012,102,USA,7.1,59551,6000000,16369708,4,0
110335,The Possession,2012,92,"USA, Canada",5.9,47137,14000000,82925064,5,1
110338,The Apparition,2012,82,USA,4.1,16271,17000000,10637281,1,0
110350,Step Up Revolution,2012,99,USA,6.5,45291,33000000,165552290,0,1
110355,Red Lights,2012,114,"Spain, USA",6.2,48280,17700000,14518884,2,0
110365,To Rome with Love,2012,112,"USA, Italy, Spain",6.3,67848,21500000,74363777,6,1
110366,Abraham Lincoln: Vampire Hunter,2012,105,USA,5.9,128676,67500000,137489730,1,0
110369,Safety Not Guaranteed,2012,86,USA,7,101081,750000,4422318,25,1
110377,Chernobyl Diaries,2012,86,USA,5,52583,1000000,42411721,1,0
110383,What to Expect When You're Expecting,2012,110,USA,5.7,57162,37500000,120925697,12,0
110385,The Dictator,2012,83,USA,6.4,213450,65000000,180148897,2,1
110387,LOL,2012,97,USA,4.3,45065,11000000,10431506,1,0
110392,The Five-Year Engagement,2012,124,"USA, Japan",6.2,78833,30000000,61623819,0,1
110394,Darling Companion,2012,103,USA,5.1,2542,12000000,1200346,0,0
110395,Think Like a Man,2012,122,USA,6.6,34493,12000000,113373764,17,1
110396,The Lucky One,2012,101,USA,6.5,76645,25000000,96633833,12,0
110400,The Cabin in the Woods,2012,95,USA,7,276265,30000000,70768144,51,1
110424,This Means War,2012,103,USA,6.3,147425,65000000,156974557,6,0
110425,The Vow,2012,104,"USA, France, Australia, UK, Germany, Canada",6.8,145687,30000000,197618160,17,0
110432,The Woman in Black,2012,95,"UK, Canada, Sweden",6.4,139754,15000000,128955898,17,1
110433,Big Miracle,2012,107,"USA, UK",6.5,15244,40000000,25693998,1,1
110439,Underworld: Awakening,2012,88,USA,6.4,117194,70000000,160379930,1,0
110443,The Devil Inside,2012,83,"USA, Italy, Mexico, Romania",4.2,30604,1000000,101758489,5,0
110455,The Darkest Hour,2011,89,USA,4.9,49220,34800000,62831715,1,0
110468,New Year's Eve,2011,113,USA,5.6,66502,26000000,146850273,9,0
110491,Paranormal Activity 3,2011,83,USA,5.8,76723,5000000,202053386,6,1
110495,The Three Musketeers,2011,110,"Germany, France, UK",5.8,88429,90000000,139877913,4,0
110504,What's Your Number?,2011,106,USA,6,58867,20000000,30163785,0,0
110508,I Don't Know How She Does It,2011,89,USA,4.9,16402,24000000,24474463,4,0
110511,Grave Encounters,2011,92,Canada,6.1,40465,2000000,2151887,0,1
110515,Apollo 18,2011,86,"USA, Canada",5.2,47208,5000000,26517819,2,0
110516,Shark Night 3D,2011,90,USA,4,20772,25000000,32209741,1,0
110527,One Day,2011,107,"USA, UK",7,105851,15000000,59168692,3,1
110530,Final Destination 5,2011,92,"USA, Canada, Singapore, Hong Kong",5.9,83594,40000000,155011165,6,1
110536,The Future,2011,91,"Germany, USA, France",6.2,6919,1000000,1239174,6,1
110540,"Crazy, Stupid, Love.",2011,118,USA,7.4,374648,50000000,147142328,24,1
110542,Another Earth,2011,92,USA,7,71198,175000,2102779,20,1
110543,Friends with Benefits,2011,109,USA,6.6,270204,35000000,146595891,5,1
110551,Zookeeper,2011,102,USA,5.2,44638,80000000,170805525,3,0
110553,Larry Crowne,2011,98,USA,6.1,49155,30000000,61449135,3,0
110556,A Better Life,2011,98,USA,7.2,13186,10000000,1884251,15,1
110560,The Art of Getting By,2011,83,USA,6.6,44715,4000000,1989035,3,0
110568,Midnight in Paris,2011,94,"Spain, USA, France",7.7,301127,30000000,162942835,119,1
110573,Bridesmaids,2011,125,USA,6.8,218743,32500000,289527030,94,1
110578,Something Borrowed,2011,112,USA,5.9,47942,35000000,65084116,4,0
110586,Water for Elephants,2011,120,USA,6.9,95307,38000000,116809717,14,1
110588,Scream 4,2011,111,USA,6.2,103968,40000000,95989590,7,1
110609,Red State,2011,88,USA,6.2,53397,4000000,1983596,10,1
110610,Beastly,2011,86,USA,5.6,64036,17000000,38028230,2,0
110611,Take Me Home Tonight,2011,97,"USA, Germany",6.3,43903,19000000,7576604,1,0
110612,The Adjustment Bureau,2011,106,USA,7.1,199689,50200000,126931325,10,1
110618,Hall Pass,2011,105,USA,5.9,103109,68000000,87173475,0,0
110627,Just Go with It,2011,117,USA,6.4,172390,80000000,214974953,16,0
110629,The Roommate,2011,91,USA,4.8,29102,16000000,52545707,7,0
110631,The Rite,2011,114,"USA, Hungary, Italy",6,75743,37000000,97143987,5,0
110650,Little Fockers,2010,98,USA,5.5,85650,100000000,310650574,7,0
110659,The Tourist,2010,103,"USA, France, Italy",6,176288,100000000,278731369,8,0
110668,The Next Three Days,2010,133,"USA, France",7.4,146183,30000000,67255916,4,1
110679,Saw 3D: The Final Chapter,2010,90,"Canada, USA",5.6,67947,17000000,133735284,3,0
110680,Paranormal Activity 2,2010,91,USA,5.7,82106,3000000,177512032,3,1
110692,It's a Wonderful Afterlife,2010,100,UK,5.4,1250,10000000,1642939,1,0
110693,My Soul to Take,2010,107,USA,4.8,16402,25000000,16727470,1,0
110695,Life as We Know It,2010,114,USA,6.6,95700,38000000,105887837,2,0
110698,Barry Munday,2010,95,USA,5.9,3438,3000000,3000000,1,1
110700,Let Me In,2010,116,"UK, USA",7.2,92100,20000000,28270399,42,1
110706,You Again,2010,105,USA,5.8,41202,20000000,32838945,2,0
110708,You Will Meet a Tall Dark Stranger,2010,98,"USA, Spain",6.3,36039,15000000,34247816,4,1
110710,Easy A,2010,92,USA,7.1,275990,8000000,76200721,29,1
110715,Resident Evil: Afterlife,2010,97,"Germany, France, USA, Canada",5.9,131058,57500000,295874190,10,0
110720,The Last Exorcism,2010,87,"France, USA",5.6,41503,1800000,70165900,17,1
110727,The Switch,2010,101,USA,6.1,77887,19000000,49858465,2,1
110730,Eat Pray Love,2010,133,USA,5.7,63463,60000000,206598789,3,1
110734,Flipped,2010,90,USA,7.7,60319,14000000,1755212,4,1
110735,Step Up 3D,2010,107,USA,6.2,47220,30000000,165889117,1,1
110739,Charlie St. Cloud,2010,99,"USA, Canada",6.5,47324,44000000,48478084,4,0
110756,Knight and Day,2010,109,USA,6.3,148066,117000000,258751370,4,1
110758,Cyrus,2010,91,USA,6.3,29716,7000000,10062896,6,1
110773,Sex and the City 2,2010,146,USA,4.3,59489,95000000,294680778,16,0
110775,Kites,2010,123,India,6,9656,9200000,17155193,0,1
110776,MacGruber,2010,90,USA,5.5,35813,10000000,8629895,1,1
110781,Just Wright,2010,100,USA,5.8,10090,12000000,21867665,11,1
110782,Letters to Juliet,2010,105,USA,6.5,74486,30000000,82148538,5,1
110794,The Back-up Plan,2010,104,USA,5.3,40628,35000000,75281179,2,0
110805,Date Night,2010,88,USA,6.3,127554,55000000,152269033,12,1
110810,Why Did I Get Married Too?,2010,121,USA,4.4,7656,20000000,60831067,6,0
110823,The Bounty Hunter,2010,110,USA,5.5,96370,45000000,135808837,6,0
110825,Our Family Wedding,2010,103,USA,4.9,5697,14000000,21410546,3,0
110826,Remember Me,2010,113,USA,7.2,113840,16000000,56506120,7,0
110827,She's Out of My League,2010,104,USA,6.4,101666,20000000,48680977,1,1
110832,The Crazies,2010,101,"USA, United Arab Emirates",6.5,93501,19000000,56445534,11,1
110838,The Ghost Writer,2010,128,"France, Germany, UK",7.2,132723,45000000,65532491,83,1
110840,Valentine's Day,2010,125,USA,5.7,95403,52000000,217569328,18,0
110842,The Wolfman,2010,103,USA,5.8,89524,150000000,142634358,12,0
110844,Dear John,2010,108,USA,6.3,104259,25000000,142033509,11,0
110851,Legion,2010,100,USA,5.2,80872,26000000,67647574,0,0
110874,It's Complicated,2009,120,"USA, Japan",6.6,69923,85000000,224614744,23,1
110877,Did You Hear About the Morgans?,2009,103,USA,4.7,29549,58000000,80480566,1,0
110878,Nine,2009,118,"USA, Italy",5.9,37431,80000000,53508858,68,1
110900,The Messenger,2009,113,USA,7.2,29590,6500000,1744952,61,1
110911,Saw VI,2009,90,"Canada, USA, UK, Australia",6,76087,11000000,69752402,2,0
110929,The Invention of Lying,2009,100,USA,6.4,94151,18500000,32679264,1,1
110930,Zombieland,2009,88,USA,7.7,385447,23600000,102236596,35,1
110933,Pandorum,2009,108,"Germany, UK",6.8,121314,40000000,17033431,0,0
110937,Jennifer's Body,2009,102,USA,5.1,92710,16000000,31943401,6,1
110940,Bright Star,2009,119,"UK, Australia, France",7,21357,8500000,17220091,65,1
110942,Sorority Row,2009,101,USA,5.1,23990,12500000,26735797,2,0
110944,Extract,2009,92,USA,6.2,37554,7500000,10849158,0,1
110945,All About Steve,2009,99,USA,4.8,33112,15000000,40127259,5,0
110948,The Final Destination,2009,82,USA,5.2,75169,40000000,187384627,3,0
110952,Post Grad,2009,88,USA,5.3,11464,15000000,6561243,0,0
110958,The Time Traveler's Wife,2009,107,USA,7.1,114674,39000000,102332135,6,1
110961,Julie & Julia,2009,123,USA,7,79202,40000000,126646119,71,1
110964,The Ugly Truth,2009,96,USA,6.5,163451,38000000,205298907,7,0
110969,"I Love You, Beth Cooper",2009,102,"Canada, USA",5.3,28186,18000000,16382538,2,0
110979,Whatever Works,2009,92,"USA, France",7.2,58984,15000000,35106706,2,1
110980,The Proposal,2009,108,USA,6.7,227394,40000000,314709717,26,1
110985,My Life in Ruins,2009,95,"USA, Spain",5.9,15025,17000000,20465206,1,0
110986,Away We Go,2009,98,"USA, UK",7.1,46067,21000000,10108016,13,1
110990,Drag Me to Hell,2009,99,USA,6.6,158797,30000000,91388487,22,1
111002,Obsessed,2009,108,USA,4.9,22813,20000000,73964713,12,0
111013,Adventureland,2009,107,USA,6.8,131355,9800000,17553055,5,1
111018,"I Love You, Man",2009,105,USA,7.1,166077,40000000,91729503,9,1
111020,Duplicity,2009,125,"USA, Germany",6.2,41682,60000000,81079566,5,1
111022,Miss March,2009,90,USA,5.1,18182,6000000,4713059,2,0
111023,The Last House on the Left,2009,110,USA,6.6,67783,15000000,46526243,8,0
111034,He's Just Not That Into You,2009,129,"USA, Germany, Netherlands",6.4,131818,40000000,181053657,4,1
111037,New in Town,2009,97,"USA, Canada",5.6,17439,8000000,29937909,0,0
111044,Not Easily Broken,2009,99,USA,6.1,2317,5000000,10732909,3,0
111045,The Unborn,2009,88,USA,4.8,42119,16000000,78208812,1,0
111046,Bride Wars,2009,89,USA,5.4,79021,30000000,115150424,9,0
111051,The Cottage,2008,92,UK,6.1,9993,5000000,1504960,4,1
111062,The Curious Case of Benjamin Button,2008,166,USA,7.8,458431,160000000,329809326,222,1
111064,Yes Man,2008,104,"USA, UK",6.8,271116,50000000,225990976,10,1
111078,Four Christmases,2008,88,"Germany, USA",5.6,48442,80000000,168311558,2,0
111081,Slumdog Millionaire,2008,120,"UK, USA",8,641493,14000000,384519665,271,1
111082,Repo! The Genetic Opera,2008,98,USA,6.7,20439,8500000,198883,4,0
111089,Eden Lake,2008,91,UK,6.8,57652,2000000,4294373,15,1
111091,The Haunting of Molly Hartley,2008,82,USA,3.8,7846,5000000,15318257,1,0
111092,Zack and Miri Make a Porno,2008,101,USA,6.6,149428,24000000,36856306,6,1
111094,Saw V,2008,92,"USA, Canada",5.8,88338,10800000,118209778,2,0
111096,"Synecdoche, New York",2008,124,USA,7.5,55767,20000000,4383538,33,1
111097,Passchendaele,2008,114,Canada,6.5,6901,20000000,4453327,16,0
111106,Good Dick,2008,86,USA,6.5,6662,200000,52443,2,1
111108,Quarantine,2008,89,USA,6,57368,12000000,41924774,6,1
111115,Rachel Getting Married,2008,113,USA,6.7,41277,12000000,17475475,91,1
111119,How to Lose Friends & Alienate People,2008,110,UK,6.5,61210,28000000,12031443,0,0
111121,Fireproof,2008,122,USA,6.5,17106,500000,33473297,0,0
111126,My Best Friend's Girl,2008,101,USA,5.9,37022,20000000,34787111,1,0
111142,The House Bunny,2008,97,USA,5.5,63935,25000000,71390601,2,1
111146,Vicky Cristina Barcelona,2008,96,"Spain, USA",7.2,198414,16000000,104504817,83,1
111153,The Midnight Meat Train,2008,100,USA,6.1,47587,15000000,1590246,8,1
111165,The Wackness,2008,99,"USA, UK",7,27247,6000000,3330012,8,1
111170,The Love Guru,2008,87,"USA, UK, Germany",3.8,43243,62000000,40123346,13,0
111172,Baghead,2008,84,USA,6,3514,200000,140016,0,1
111178,The Strangers,2008,86,USA,6.2,91836,9000000,83051676,15,0
111186,What Happens in Vegas,2008,99,USA,6.1,140627,35000000,218535708,5,0
111188,Made of Honor,2008,101,"USA, UK",5.8,54364,40000000,106548738,2,0
111192,Baby Mama,2008,99,USA,6,34118,30000000,64170447,6,1
111193,Pathology,2008,95,USA,6,26797,8000000,3270974,0,0
111196,Forgetting Sarah Marshall,2008,111,USA,7.2,217248,30000000,105173042,22,1
111203,The Ruins,2008,90,"USA, Germany, Australia",5.9,60044,25000000,22910563,6,1
111205,Leatherheads,2008,114,"USA, Germany",6,27641,58000000,41348628,3,1
111212,Meet the Browns,2008,100,USA,4,5730,20000000,41975388,3,0
111221,The Bank Job,2008,111,"UK, USA, Australia",7.3,152117,20000000,66143005,2,1
111231,"Definitely, Maybe",2008,112,"Germany, UK, USA, France",7.2,127704,7000000,55617866,2,1
111236,"Welcome Home, Roscoe Jenkins",2008,114,USA,5.3,10644,27500000,43607627,0,0
111237,Over Her Dead Body,2008,95,USA,5.2,21254,10000000,21596074,0,0
111238,The Eye,2008,98,"USA, Canada",5.4,44174,12000000,57577765,5,0
111248,Cloverfield,2008,85,USA,7,295736,25000000,171302226,28,1
111250,27 Dresses,2008,111,USA,6.1,124155,30000000,160247805,8,0
111254,One Missed Call,2008,87,"Japan, USA, Germany",3.9,26613,20000000,44513466,2,0
111264,Aliens vs. Predator: Requiem,2007,94,USA,4.7,92654,40000000,128884494,4,0
111271,I Am Legend,2007,101,USA,7.2,529365,150000000,585532684,30,1
111275,Juno,2007,96,USA,7.5,413767,7000000,231450102,183,1
111280,The Mist,2007,126,USA,7.2,219859,13000000,57189408,16,1
111281,This Christmas,2007,117,USA,6.1,6523,13000000,49733545,4,1
111286,Love in the Time of Cholera,2007,139,USA,6.4,19114,45000000,31077418,4,0
111293,Saw IV,2007,93,"USA, Canada",5.9,111033,10000000,135759694,7,0
111301,30 Days of Night,2007,113,"USA, New Zealand",6.6,138585,30000000,80276156,12,1
111302,Lars and the Real Girl,2007,106,"USA, Canada",7.4,114813,12500000,11277119,40,1
111315,Sydney White,2007,108,USA,6.3,37415,16500000,13636339,0,0
111317,Good Luck Chuck,2007,96,"USA, Canada",5.6,74582,25000000,59183821,4,0
111319,Resident Evil: Extinction,2007,94,"France, Australia, Germany, UK, USA",6.3,149147,45000000,146162920,3,0
111332,September Dawn,2007,111,"USA, Canada",5.8,2620,10100000,1066555,2,0
111342,Becoming Jane,2007,120,"UK, Ireland",7.1,46170,16500000,39380876,9,1
111347,No Reservations,2007,104,USA,6.3,59193,28000000,91943956,1,1
111353,License to Wed,2007,91,"USA, Australia",5.3,32106,35000000,70187088,1,0
111357,You Kill Me,2007,93,USA,6.5,16221,4000000,3858964,4,1
111360,1408,2007,104,USA,6.8,209219,22500000,131263370,12,1
111368,Hostel: Part II,2007,94,"USA, Czech Republic, Italy, Iceland, Slovakia",5.4,70065,7500000,33606409,5,0
111372,And Then Came Love,2007,90,USA,4.8,440,989000,8158,0,0
111381,28 Weeks Later,2007,100,"UK, Spain",7,211995,15000000,64232714,14,1
111384,Lucky You,2007,124,"USA, Germany, Australia",5.9,18310,55000000,6521829,1,0
111385,Spider-Man 3,2007,139,USA,6.2,382132,150000000,180875303,35,1
111386,Waitress,2007,108,USA,7.1,37661,1500000,22217183,21,1
111387,Ta Ra Rum Pum,2007,153,"USA, India",5.4,2905,7400000,9443864,0,1
111389,In the Land of Women,2007,97,USA,6.5,27683,10500000,14140402,0,1
111396,Grindhouse,2007,191,USA,7.6,155315,53000000,50187789,22,1
111397,The Reaping,2007,99,USA,5.7,37383,40000000,62226214,1,0
111401,The Hills Have Eyes II,2007,89,USA,5.1,49676,15000000,37466538,0,0
111407,Sublime,2007,113,USA,5.3,6278,1800000,1800000,0,0
111419,Music and Lyrics,2007,96,USA,6.5,81182,40000000,146300356,6,1
111422,Partition,2007,116,"Canada, South Africa, UK",7,2223,10000000,10000000,10,1
111423,The Messengers,2007,90,USA,5.4,33564,16000000,53774833,2,0
111424,Because I Said So,2007,102,USA,5.6,32426,39000000,69538833,1,0
111426,Blood and Chocolate,2007,98,"USA, UK, Germany, Romania",5.5,15392,15000000,6551310,0,0
111430,Stomp the Yard,2007,109,USA,5.2,19493,14000000,75525718,9,0
111456,The Holiday,2006,138,USA,6.9,182499,85000000,205190324,9,1
111457,Turistas,2006,93,USA,5.3,31022,10000000,14321070,2,0
111469,Fur: An Imaginary Portrait of Diane Arbus,2006,122,USA,6.5,13262,16800000,2281089,2,0
111470,A Good Year,2006,117,"USA, UK",6.9,70620,35000000,42064105,3,0
111474,Saw III,2006,108,"USA, Canada",6.2,142476,10000000,163876815,5,0
111484,The Grudge 2,2006,102,"USA, Japan",5,38599,20000000,70743839,3,0
111488,Shortbus,2006,101,USA,6.5,27415,2000000,1985292,13,1
111505,The Covenant,2006,97,USA,5.3,39498,20000000,38164784,0,0
111517,The Illusionist,2006,110,"USA, Czech Republic",7.6,294919,16500000,83792062,20,1
111534,My Super Ex-Girlfriend,2006,95,USA,5.1,53835,30000000,60772856,2,1
111539,"You, Me and Dupree",2006,110,USA,5.6,68371,54000000,130402010,4,0
111543,The Devil Wears Prada,2006,109,"USA, France",6.8,286882,35000000,326073155,66,1
111548,Krrish,2006,154,India,6.3,12214,10000000,32430721,21,1
111552,The Lake House,2006,99,USA,6.8,114319,40000000,114830111,4,0
111558,Peaceful Warrior,2006,120,"Germany, USA",7.3,20413,10000000,3260179,0,0
111559,The Break-Up,2006,106,USA,5.8,102263,52000000,205727307,7,0
111563,See No Evil,2006,84,"USA, Australia",5.1,21834,8000000,18828036,0,0
111585,Silent Hill,2006,125,"Canada, France, Japan",6.6,172696,50000000,94704227,8,0
111593,The Benchwarmers,2006,80,USA,5.6,40555,35000000,65063726,7,0
111600,Larry the Cable Guy: Health Inspector,2006,89,USA,3.1,9107,17000000,15680099,3,0
111601,Stay Alive,2006,85,USA,5.1,25833,20000000,23187506,0,0
111606,She's the Man,2006,105,"USA, Canada",6.4,116532,25000000,55279608,7,0
111608,The Hills Have Eyes,2006,107,USA,6.4,129486,17000000,70355813,9,1
111609,Failure to Launch,2006,97,USA,5.6,58455,50000000,128402901,5,0
111616,Madea's Family Reunion,2006,107,USA,5,8951,10000000,63320521,7,0
111620,Date Movie,2006,83,"USA, Switzerland",2.7,50348,20000000,85146165,5,0
111622,Final Destination 3,2006,93,"Germany, USA, Canada",5.8,102967,25000000,112798051,6,0
111639,The Call of Cthulhu,2005,47,USA,7.3,6254,50000,50000,1,1
111652,The Family Stone,2005,103,USA,6.3,49038,18000000,92357499,12,1
111656,Memoirs of a Geisha,2005,145,USA,7.3,119160,85000000,161510853,71,1
111659,Rent,2005,135,USA,7,41744,40000000,31670620,22,1
111662,Pride & Prejudice,2005,129,"France, UK, USA",7.8,193484,28000000,126549607,69,1
111667,Saw II,2005,93,"USA, Canada",6.6,188479,5000000,152925093,10,0
111671,Shopgirl,2005,106,USA,6.4,21229,7500000,11758418,8,1
111675,Doom,2005,105,"UK, Czech Republic, Germany, USA",5.2,88104,70000000,54612337,3,0
111678,Elizabethtown,2005,123,USA,6.4,58740,54000000,50719373,6,0
111679,The Dark Hours,2005,80,Canada,6.1,4755,400000,423,13,1
111696,Just Like Heaven,2005,95,USA,6.7,82811,58000000,100687083,2,1
111697,The Exorcism of Emily Rose,2005,119,USA,6.7,96387,18000000,144529078,12,0
111701,A Sound of Thunder,2005,101,"UK, USA, Germany, Czech Republic",4.2,16484,80000000,6300451,4,0
111702,The Constant Gardener,2005,129,"UK, Germany, USA, China",7.5,111315,25500000,86301599,98,1
111703,Undiscovered,2005,97,"Germany, USA",4.2,2594,9000000,1069318,3,0
111704,The Cave,2005,97,"USA, Germany, Romania",5.1,28605,30000000,27147991,0,0
111707,The 40-Year-Old Virgin,2005,116,USA,7.1,313238,26000000,177344230,28,1
111708,Supercross,2005,80,USA,4,3926,30000000,3252550,0,0
111711,The Skeleton Key,2005,104,"USA, Germany",6.5,87459,40000000,92256918,5,1
111717,Must Love Dogs,2005,98,USA,5.9,25841,35000000,58894863,1,0
111720,The Devil's Rejects,2005,107,"USA, Germany",6.9,76263,7000000,20940428,15,1
111722,The Island,2005,136,USA,6.9,262934,120000000,163018913,7,1
111731,The Perfect Man,2005,100,USA,5.5,23510,10000000,19535005,5,0
111746,A Lot Like Love,2005,107,USA,6.6,58275,25000000,47835784,4,0
111748,The Amityville Horror,2005,90,USA,6,80914,18500000,109175673,6,0
111752,The Ring Two,2005,110,USA,5.4,70982,50000000,161941727,13,0
111757,The Wedding Date,2005,90,USA,6.1,38232,15000000,47175038,0,0
111759,White Noise,2005,101,"UK, Canada, USA",5.5,41739,10000000,92094360,3,0
111763,The Phantom of the Opera,2004,143,"UK, USA",7.4,96724,55000000,154605868,44,0
111764,Mar adentro,2004,19,Mexico,7.6,32,13300000,39686345,0,1
111772,Bridget Jones: The Edge of Reason,2004,108,"UK, France, Germany, Ireland, USA",5.9,74287,50000000,263894551,8,0
111777,The Grudge,2004,91,"USA, Japan",5.9,114878,10000000,187281115,12,1
111781,The Forgotten,2004,91,USA,5.8,57475,50000000,117211892,7,0
111782,Mr 3000,2004,104,USA,5.5,12181,30000000,21827296,6,1
111788,The Princess Diaries 2: Royal Engagement,2004,113,USA,5.7,53496,45000000,122071435,3,0
111789,The Village,2004,108,USA,6.5,193473,71682975,257641634,26,1
111791,A Home at the End of the World,2004,97,"USA, Canada",6.8,12062,6500000,1033810,5,1
111794,A Cinderella Story,2004,95,"USA, Canada",5.9,62797,19000000,70164105,14,0
111804,13 Going on 30,2004,98,USA,6.1,121855,30000000,96439723,11,1
111807,The Girl Next Door,2004,108,USA,6.8,170987,25000000,31635150,6,1
111848,The Battle of Shaker Heights,2003,79,USA,6.1,3812,1000000,839145,0,1
111850,Freddy vs. Jason,2003,97,"USA, Canada, Italy",5.8,89222,25000000,114576403,9,0
111857,Wrong Turn,2003,84,"USA, Germany",6.1,87596,10000000,28649556,3,0
111866,House of 1000 Corpses,2003,89,USA,6,60705,7000000,17005466,11,0
111881,A Guy Thing,2003,101,USA,5.6,14152,20000000,17430594,0,0
111898,The Ring,2002,115,"USA, Japan",7.1,249243,48000000,248218486,25,1
111899,The Rules of Attraction,2002,110,"USA, Germany",6.7,44300,4000000,11799060,5,1
111903,The Four Feathers,2002,132,"UK, USA",6.5,28102,35000000,29882645,0,1
111904,Eye See You,2002,96,"USA, Germany",5.3,19621,55000000,1807990,0,0
111905,Feardotcom,2002,101,"UK, Germany, Luxembourg, USA, Canada",3.3,17301,40000000,13208023,6,0
111917,The Importance of Being Earnest,2002,97,"UK, USA",6.9,18897,15000000,8378141,4,1
111921,Life or Something Like It,2002,103,USA,5.8,19330,40000000,14448589,1,0
111923,The Sweetest Thing,2002,88,USA,5.1,46194,43000000,63078756,5,0
111927,The Singles Ward,2002,102,USA,6.4,1099,500000,1250798,0,1
111930,The Mothman Prophecies,2002,119,USA,6.5,63617,42000000,56438555,3,1
111933,The Majestic,2001,152,USA,6.9,45060,72000000,37306334,4,0
111946,The Musketeer,2001,104,"Germany, Luxembourg, UK, USA",4.7,12853,40000000,27053815,0,0
111950,The Others,2001,104,"USA, Spain",7.6,268428,17000000,207765056,79,1
111952,The Princess Diaries,2001,111,USA,6.2,94376,30000000,165334774,13,1
111955,Crazy/Beautiful,2001,99,USA,6.5,21436,13000000,19929123,5,1
111958,A Knight's Tale,2001,132,USA,6.9,136747,41000000,100622586,14,1
111960,The Forsaken,2001,90,USA,5.3,7327,5000000,6755271,0,0
111984,The Yards,2000,115,USA,6.4,16249,20000000,2282710,5,1
111988,The Broken Hearts Club: A Romantic Comedy,2000,94,USA,7,6084,1000000,2022442,2,1
111991,The Watcher,2000,97,USA,5.3,22248,33000000,47267829,1,0
111997,The Cell,2000,107,"USA, Germany",6.3,79948,35000000,85911226,30,1
112009,Center Stage,2000,115,USA,6.7,15818,18000000,21361109,1,0
112012,The Flintstones in Viva Rock Vegas,2000,90,USA,3.6,15530,58000000,59431365,6,0
112019,Whatever It Takes,2000,94,USA,5.5,7974,15000000,8735529,3,0
112021,The Next Best Thing,2000,108,USA,4.7,9285,25000000,24355762,12,0
112033,Ride with the Devil,1999,138,USA,6.8,11101,35000000,630779,1,1
112039,Bats,1999,91,USA,3.6,8304,6500000,10155691,0,0
112044,The Story of Us,1999,95,USA,5.9,18434,50000000,27100030,5,0
112053,The Thomas Crown Affair,1999,113,USA,6.8,73012,48000000,124304264,5,1
112055,Drop Dead Gorgeous,1999,97,"Germany, USA",6.5,27259,10000000,10571408,4,1
112056,The Haunting,1999,113,USA,4.9,58204,80000000,180188905,14,0
112058,The Wood,1999,106,USA,6.9,6572,6000000,25059640,8,1
112059,The Blair Witch Project,1999,81,USA,6.4,186292,600000,248300000,37,1
112062,An Ideal Husband,1999,97,"UK, USA",6.9,12977,10700000,31341183,21,1
112078,The Faculty,1998,104,USA,6.4,91968,15000000,40283321,8,1
112089,A Night at the Roxbury,1998,82,USA,6.2,48458,17000000,30331165,0,0
112093,Next Stop Wonderland,1998,104,USA,6.7,4194,1000000,3465703,5,1
112097,The Land Girls,1998,111,"UK, France",6.3,1589,8000000,146083,0,1
112101,The Horse Whisperer,1998,170,USA,6.5,32333,60000000,186883563,23,1
112103,The Object of My Affection,1998,111,USA,6,15598,15000000,29145924,2,1
112116,As Good as It Gets,1997,139,USA,7.7,224429,50000000,314111923,86,1
112135,The Saint,1997,116,USA,6.2,52094,90000000,169400000,3,0
112139,The Relic,1997,110,"UK, Germany, Japan, New Zealand, USA",5.7,19229,60000000,33956608,4,0
112141,The English Patient,1996,162,"USA, UK",7.4,142478,35000000,231716374,124,1
112142,The Mirror Has Two Faces,1996,126,USA,6.5,11481,42000000,41267469,14,1
112145,The Ghost and the Darkness,1996,110,"USA, Germany",6.8,46200,55000000,38564422,3,1
112150,The Island of Dr. Moreau,1996,96,USA,4.4,26046,40000000,27682712,10,0
112155,The Nutty Professor,1996,95,USA,5.6,86535,55000000,273814019,20,1
112161,The Pallbearer,1996,98,USA,4.9,6117,8000000,5656388,0,1
112162,The Craft,1996,101,USA,6.2,57070,15000000,55669466,3,1
112167,The American President,1995,114,USA,6.8,43001,62000000,107822813,11,1
112168,The Scarlet Letter,1995,135,USA,5.1,12033,50000000,10359006,11,0
112171,The Brothers McMullen,1995,98,USA,6.6,6372,50000,10426506,5,1
112174,The Incredibly True Adventure of Two Girls in Love,1995,94,USA,6.5,3493,250000,2477155,1,1
112175,The Bridges of Madison County,1995,135,USA,7.5,54657,22000000,175516617,21,1
112177,The Perez Family,1995,113,USA,6.1,1767,11000000,2794056,0,1
112193,The Inkwell,1994,110,USA,6.5,1092,8000000,8864699,0,0
112198,The Remains of the Day,1993,134,"UK, USA",7.9,45692,15000000,63954968,48,1
112199,The Age of Innocence,1993,139,USA,7.2,36069,34000000,32014993,40,1
112203,The Dark Half,1993,122,USA,5.9,11840,15000000,9579068,11,1
112208,Ed and His Dead Mother,1993,93,"USA, UK",6.1,1424,1800000,673,1,1
112217,Alien 3,1992,114,USA,6.4,207321,55000000,158500000,25,1
112219,The Lawnmower Man,1992,108,"UK, USA, Japan",5.4,27748,10000000,32100816,3,0
112220,The Prince of Tides,1991,132,USA,6.6,12552,30000000,74787599,21,1
112228,The Silence of the Lambs,1991,118,USA,8.6,885121,20000000,275726716,87,1
112238,When Harry Met Sally...,1989,96,USA,7.6,148849,16000000,92831115,20,1
112240,A Nightmare on Elm Street 4: The Dream Master,1988,93,USA,5.7,36114,13000000,49369899,11,1
112250,The Lost Boys,1987,97,USA,7.2,92847,8500000,32222567,8,1
112255,A Nightmare on Elm Street 3: Dream Warriors,1987,96,USA,6.6,49657,5000000,44793222,5,1
112258,The Texas Chainsaw Massacre 2,1986,101,USA,5.5,19198,4700000,8025872,2,0
112263,The Return of the Living Dead,1985,91,USA,7.3,39883,4000000,14237880,4,1
112274,The Hotel New Hampshire,1984,109,"UK, Canada, USA",6,6597,7500000,5142858,0,1
112277,The Dead Zone,1983,103,USA,7.2,44799,10000000,20766000,11,1
112297,The Howling,1981,91,USA,6.6,22771,1000000,17985000,4,1
112300,The Blue Lagoon,1980,104,USA,5.7,50087,4500000,47923795,11,0
112302,The Shining,1980,146,"USA, UK",8.4,609049,19000000,44414369,8,1
112306,The Rose,1979,125,USA,6.9,6166,8500000,29200000,16,1
112323,The Front Page,1974,105,USA,7.3,8932,4000000,15000000,6,1
112327,The Exorcist,1973,122,USA,8,283702,12000000,400214478,31,1
112334,The Ballad of Cable Hogue,1970,121,USA,7.3,6336,3716946,5000000,2,1
112356,The Man Who Shot Liberty Valance,1962,123,USA,8.1,53804,32000000,8000000,7,1
112358,The Misfits,1961,124,USA,7.4,12940,4000000,8200000,2,1
112359,The Apartment,1960,125,USA,8.3,109188,30000000,24600000,32,1
112360,Some Like It Hot,1959,120,USA,8.3,174968,28838480,25000000,23,1
112365,The Trouble with Harry,1955,99,USA,7.2,24843,1200000,7000000,5,1
112368,"The Beast from 20,000 Fathoms",1953,80,USA,6.7,4822,210000,5000000,2,1
112369,The Greatest Show on Earth,1952,152,USA,6.7,9451,4000000,36000000,11,1
112371,Red River,1948,133,USA,7.8,21260,3000000,9012000,6,1
112378,You Can't Take It with You,1938,126,USA,8,17835,16440000,4000000,8,1
112379,The Broadway Melody,1929,100,USA,6.3,4544,379000,4358000,3,1
112380,The Big Parade,1925,151,USA,8.3,4837,24500000,22000000,3,1
